STARTDATE,ENDDATE,lastMonth,lastYear,SameMonth,MAXMINRATIO,LOW,HIGH,STATENAME,MANDINAME
2016-01-01,2016-02-13,,,Normal,1.5216346153846154,YES,NO,NCT OF DELHI,AZADPUR
2016-01-01,2016-02-13,,,Anomaly,1.4513375070168306,YES,NO,PUNJAB,ZIRA
2016-01-01,2016-02-13,,,Normal,1.4113597246127367,YES,NO,WEST BENGAL,KATWA
2016-01-01,2016-02-13,,,Normal,1.4553014553014554,YES,NO,UTTAR PRADESH,BASTI
2016-01-01,2016-02-13,,,Normal,1.288981288981289,YES,NO,UTTAR PRADESH,FAIZABAD
2016-01-01,2016-02-13,,,Anomaly,1.867219917012448,YES,NO,PUNJAB,MALERKOTLA
2016-01-01,2016-02-13,,,Normal,1.3509544787077827,NO,YES,WEST BENGAL,SHEORAPHULY
2016-01-01,2016-02-13,,,Normal,1.627296587926509,YES,NO,UTTAR PRADESH,LAKHIMPUR
2016-01-01,2016-02-13,,,Normal,1.336528073435807,NO,YES,WEST BENGAL,KALYANI
2016-01-01,2016-02-13,,,Normal,1.4559068219633944,YES,NO,WEST BENGAL,ISLAMPUR
2016-01-01,2016-02-13,,,Normal,1.538147922992242,YES,NO,WEST BENGAL,BISHNUPUR(BANKURA)
2016-01-01,2016-02-13,,,Anomaly,2.159090909090909,YES,NO,PUNJAB,BARNALA
2016-01-01,2016-02-13,,,Normal,3.059581320450885,YES,NO,WEST BENGAL,DURGAPUR
2016-01-01,2016-02-13,,,Anomaly,1.6611295681063123,YES,NO,PUNJAB,AJNALA
2016-01-01,2016-02-13,,,Normal,1.546134663341646,YES,NO,UTTAR PRADESH,LUCKNOW
2016-01-01,2016-02-13,,,Anomaly,1.162790697674419,,,PUNJAB,SANGRUR
2016-01-29,2016-03-12,,,Anomaly,1.6912990656322042,NO,NO,WEST BENGAL,ULUBERIA
2016-02-15,2016-03-29,Normal,,Anomaly,1.354679802955665,YES,NO,PUNJAB,BARNALA
2016-02-15,2016-03-29,Anomaly,,Anomaly,1.99203187250996,YES,NO,PUNJAB,MALERKOTLA
2016-02-15,2016-03-29,Anomaly,,Normal,2.211238852460907,NO,NO,WEST BENGAL,SHEORAPHULY
2016-02-15,2016-03-29,Normal,,Anomaly,2.104097452851605,NO,YES,PUNJAB,AJNALA
2016-02-15,2016-03-29,Anomaly,,Normal,1.966717095310136,NO,NO,WEST BENGAL,KATWA
2016-02-15,2016-03-29,Normal,,Anomaly,1.4245014245014245,NO,YES,PUNJAB,ZIRA
2016-02-15,2016-03-29,Anomaly,,Normal,1.9203657379941887,NO,NO,WEST BENGAL,KALYANI
2016-02-15,2016-03-29,Anomaly,,Normal,1.901743264659271,NO,NO,WEST BENGAL,DURGAPUR
2016-02-15,2016-03-29,Normal,,Normal,1.440261865793781,YES,NO,NCT OF DELHI,AZADPUR
2016-02-15,2016-03-29,Anomaly,,Anomaly,1.6611295681063123,,,PUNJAB,SANGRUR
2016-02-22,2016-04-05,Normal,,Normal,1.220414201183432,YES,NO,UTTAR PRADESH,LUCKNOW
2016-02-22,2016-04-05,Anomaly,,Normal,1.4301929625425651,NO,NO,WEST BENGAL,BISHNUPUR(BANKURA)
2016-03-14,2016-04-26,Anomaly,,Normal,1.753607103218646,NO,NO,WEST BENGAL,ULUBERIA
2016-04-04,2016-05-17,Anomaly,,Normal,1.273100616016427,NO,NO,WEST BENGAL,SHEORAPHULY
2016-04-04,2016-05-17,Normal,,Anomaly,3.619909502262444,NO,NO,PUNJAB,MALERKOTLA
2016-04-04,2016-05-17,Anomaly,,Normal,1.31699974916493,NO,NO,WEST BENGAL,KALYANI
2016-04-04,2016-05-17,Normal,,Anomaly,1.88470066518847,NO,NO,PUNJAB,BARNALA
2016-04-04,2016-05-17,Anomaly,,Anomaly,2.543150171045969,NO,NO,PUNJAB,ZIRA
2016-04-04,2016-05-17,Anomaly,,Anomaly,1.745635910224439,YES,NO,PUNJAB,AJNALA
2016-04-11,2016-05-24,Normal,,Anomaly,1.2838801711840229,,,PUNJAB,SANGRUR
2016-04-11,2016-05-24,Anomaly,,Normal,1.3537469782433522,NO,NO,WEST BENGAL,DURGAPUR
2016-04-11,2016-05-24,Anomaly,,Normal,1.176252761862922,NO,NO,WEST BENGAL,KATWA
2016-04-11,2016-05-24,Anomaly,,Normal,1.1718131433179304,NO,NO,WEST BENGAL,BISHNUPUR(BANKURA)
2016-05-02,2016-06-14,Anomaly,,Normal,1.239173884077282,NO,NO,WEST BENGAL,ULUBERIA
2016-05-23,2016-07-05,Anomaly,,Anomaly,1.5691868758915837,NO,NO,PUNJAB,MALERKOTLA
2016-05-23,2016-07-05,Anomaly,,Anomaly,2.395209580838323,YES,NO,PUNJAB,AJNALA
2016-05-30,2016-07-12,Normal,,Anomaly,1.1987381703470033,NO,NO,PUNJAB,BARNALA
2016-05-30,2016-07-12,Normal,,Anomaly,1.5691868758915837,NO,NO,PUNJAB,ZIRA
2016-05-30,2016-07-12,Anomaly,,Anomaly,1.373283395755306,,,PUNJAB,SANGRUR
2016-07-11,2016-08-23,Anomaly,,Anomaly,1.664816870144284,NO,NO,PUNJAB,AJNALA
2016-07-11,2016-08-23,Anomaly,,Anomaly,1.2782956058588548,NO,YES,PUNJAB,MALERKOTLA
2016-07-18,2016-08-30,Anomaly,,Anomaly,1.2484394506866416,,,PUNJAB,SANGRUR
2016-07-18,2016-08-30,Anomaly,,Anomaly,1.1488511488511488,NO,NO,PUNJAB,ZIRA
2016-07-18,2016-08-30,Anomaly,,Anomaly,1.3981358189081226,NO,YES,PUNJAB,BARNALA
2016-08-01,2016-09-13,Anomaly,,Normal,1.2583271650629164,NO,NO,UTTAR PRADESH,FAIZABAD
2016-08-08,2016-09-20,Anomaly,,Normal,1.1037463976945243,NO,NO,NCT OF DELHI,AZADPUR
2016-08-08,2016-09-20,Anomaly,,Normal,1.3331777593500018,NO,NO,UTTAR PRADESH,LUCKNOW
2016-08-15,2016-09-27,Anomaly,,Normal,1.269977101839599,NO,NO,UTTAR PRADESH,LAKHIMPUR
2016-08-29,2016-10-11,Anomaly,,Anomaly,1.564059900124977,NO,YES,PUNJAB,MALERKOTLA
2016-08-29,2016-10-11,Anomaly,,Anomaly,1.7118402282453635,NO,YES,PUNJAB,AJNALA
2016-09-05,2016-10-18,Anomaly,,Anomaly,1.4519056261343013,YES,NO,PUNJAB,BARNALA
2016-09-05,2016-10-18,Anomaly,,Anomaly,1.373283395755306,NO,YES,PUNJAB,ZIRA
2016-09-05,2016-10-18,Anomaly,,Anomaly,1.663893510815308,,,PUNJAB,SANGRUR
2016-09-19,2016-11-01,Anomaly,,Normal,1.1545293072824157,NO,NO,UTTAR PRADESH,FAIZABAD
2016-09-26,2016-11-08,Anomaly,,Normal,1.1760070052539404,NO,NO,NCT OF DELHI,AZADPUR
2016-10-17,2016-11-29,Anomaly,,Normal,1.7038777908343126,NO,NO,WEST BENGAL,BISHNUPUR(BANKURA)
2016-10-17,2016-11-29,Anomaly,,Anomaly,2.2319201994413964,YES,NO,PUNJAB,MALERKOTLA
2016-10-17,2016-11-29,Normal,,Normal,1.9614835948644795,NO,YES,UTTAR PRADESH,BASTI
2016-10-17,2016-11-29,Anomaly,,Anomaly,1.7964071856287425,YES,NO,PUNJAB,AJNALA
2016-10-17,2016-11-29,Anomaly,,Normal,1.8726591760299625,NO,NO,WEST BENGAL,KATWA
2016-10-24,2016-12-06,Normal,,Normal,2.059925093632959,NO,YES,WEST BENGAL,KALYANI
2016-10-24,2016-12-06,Anomaly,,Normal,1.5205327413984462,NO,NO,UTTAR PRADESH,LAKHIMPUR
2016-10-24,2016-12-06,Normal,,Normal,2.2878535773710484,NO,YES,UTTAR PRADESH,LUCKNOW
2016-10-24,2016-12-06,Anomaly,,Anomaly,2.990033222591362,YES,NO,PUNJAB,ZIRA
2016-10-24,2016-12-06,Anomaly,,Anomaly,1.745635910224439,,,PUNJAB,SANGRUR
2016-10-24,2016-12-06,Normal,,Normal,2.254428341384863,NO,YES,WEST BENGAL,ISLAMPUR
2016-10-24,2016-12-06,Anomaly,,Anomaly,1.8703241895261848,YES,NO,PUNJAB,BARNALA
2016-10-24,2016-12-06,Normal,,Normal,2.1837549933422102,NO,YES,WEST BENGAL,DURGAPUR
2016-10-31,2016-12-13,Normal,,Normal,2.2581222866411674,NO,YES,WEST BENGAL,SHEORAPHULY
2016-10-31,2016-12-13,Normal,,Normal,2.1592442645074224,NO,YES,WEST BENGAL,ULUBERIA
2016-11-07,2016-12-20,Anomaly,,Normal,2.1956087824351296,YES,NO,UTTAR PRADESH,FAIZABAD
2016-11-14,2016-12-27,Anomaly,,Normal,2.0325379609544467,YES,NO,NCT OF DELHI,AZADPUR
2016-12-05,2017-01-17,Anomaly,,Normal,1.7955112219451372,YES,NO,WEST BENGAL,BISHNUPUR(BANKURA)
2016-12-05,2017-01-17,Anomaly,,Normal,2.159468438464378,YES,NO,PUNJAB,AJNALA
2016-12-05,2017-01-17,Anomaly,,Normal,1.7793594306049825,YES,NO,PUNJAB,MALERKOTLA
2016-12-05,2017-01-17,Anomaly,,Normal,1.3972055888223551,YES,NO,UTTAR PRADESH,BASTI
2016-12-05,2017-01-17,Anomaly,,Normal,1.6620498614958448,YES,NO,WEST BENGAL,KATWA
2016-12-12,2017-01-24,Anomaly,,Normal,1.593625498007968,,,PUNJAB,SANGRUR
2016-12-12,2017-01-24,Anomaly,,Normal,1.9002375296912115,NO,YES,WEST BENGAL,ISLAMPUR
2016-12-12,2017-01-24,Anomaly,,Normal,1.4962593516209477,YES,NO,UTTAR PRADESH,LUCKNOW
2016-12-12,2017-01-24,Anomaly,,Normal,1.951219512195122,YES,NO,UTTAR PRADESH,LAKHIMPUR
2016-12-12,2017-01-24,Anomaly,,Normal,1.6963528415258975,YES,NO,PUNJAB,ZIRA
2016-12-12,2017-01-24,Anomaly,,Normal,1.6629711751662972,YES,NO,WEST BENGAL,KALYANI
2016-12-12,2017-01-24,Anomaly,,Normal,1.5439429928741093,YES,NO,WEST BENGAL,DURGAPUR
2016-12-12,2017-01-24,Anomaly,,Normal,1.752797016625775,YES,NO,PUNJAB,BARNALA
2016-12-19,2017-01-31,Normal,,Normal,1.6957605985037407,YES,NO,WEST BENGAL,SHEORAPHULY
2016-12-19,2017-01-31,Normal,,Normal,1.6780045351473922,YES,NO,WEST BENGAL,ULUBERIA
2016-12-26,2017-02-07,Normal,,Normal,1.2749445676274944,YES,NO,UTTAR PRADESH,FAIZABAD
2017-01-01,2017-02-13,Normal,Normal,Normal,1.1431535269709543,NO,YES,NCT OF DELHI,AZADPUR
2017-01-22,2017-03-06,Normal,Anomaly,Normal,2.016574585635359,YES,NO,PUNJAB,MALERKOTLA
2017-01-22,2017-03-06,Normal,Normal,Normal,1.3707165109034267,YES,NO,WEST BENGAL,KATWA
2017-01-22,2017-03-06,Normal,Normal,Normal,1.2860310421286032,YES,NO,UTTAR PRADESH,BASTI
2017-01-22,2017-03-06,Normal,Normal,Normal,2.487562189054726,YES,NO,PUNJAB,AJNALA
2017-01-22,2017-03-06,Normal,Normal,Normal,1.2624584717607974,YES,NO,WEST BENGAL,BISHNUPUR(BANKURA)
2017-01-29,2017-03-13,Normal,Normal,Normal,2.1956087824351296,YES,NO,UTTAR PRADESH,LUCKNOW
2017-01-29,2017-03-13,Normal,Anomaly,Normal,1.9867549668874167,,,PUNJAB,SANGRUR
2017-01-29,2017-03-13,Anomaly,Anomaly,Normal,1.9886363636363635,YES,NO,PUNJAB,BARNALA
2017-01-29,2017-03-13,Normal,Anomaly,Normal,1.3944223107569722,YES,NO,PUNJAB,ZIRA
2017-01-29,2017-03-13,Normal,Normal,Normal,1.716500553627825,YES,NO,WEST BENGAL,KALYANI
2017-01-29,2017-03-13,Normal,Anomaly,Normal,1.495016611295681,YES,NO,WEST BENGAL,ISLAMPUR
2017-01-29,2017-03-13,Normal,Anomaly,Normal,1.4018691588785046,NO,YES,WEST BENGAL,DURGAPUR
2017-01-29,2017-03-13,Normal,Normal,Normal,1.2681912681912682,NO,YES,UTTAR PRADESH,LAKHIMPUR
2017-02-05,2017-03-20,Normal,Anomaly,Normal,1.4076246334310851,YES,NO,WEST BENGAL,ULUBERIA
2017-02-05,2017-03-20,Normal,Anomaly,Normal,1.440443213296399,NO,YES,WEST BENGAL,SHEORAPHULY
2017-02-12,2017-03-27,Normal,Normal,Normal,1.2416851441241683,NO,YES,UTTAR PRADESH,FAIZABAD
2017-02-19,2017-04-03,Normal,Normal,Normal,1.335243553008596,NO,YES,NCT OF DELHI,AZADPUR
2017-03-12,2017-04-24,Normal,Normal,Normal,1.0778443113772456,NO,YES,UTTAR PRADESH,BASTI
2017-03-12,2017-04-24,Normal,Normal,Normal,1.509433962264151,NO,YES,WEST BENGAL,BISHNUPUR(BANKURA)
2017-03-12,2017-04-24,Normal,Normal,Normal,1.346633416458853,NO,YES,WEST BENGAL,KATWA
2017-03-12,2017-04-24,Normal,Normal,Normal,1.702127659574468,YES,NO,PUNJAB,MALERKOTLA
2017-03-12,2017-04-24,Normal,Normal,Normal,1.9933554817275747,YES,NO,PUNJAB,AJNALA
2017-03-19,2017-05-01,Normal,Normal,Normal,1.3663764233774134,YES,NO,UTTAR PRADESH,LAKHIMPUR
2017-03-19,2017-05-01,Normal,Normal,Normal,1.653543307086614,NO,YES,WEST BENGAL,DURGAPUR
2017-03-19,2017-05-01,Normal,Anomaly,Normal,1.718213058419244,YES,NO,WEST BENGAL,ISLAMPUR
2017-03-19,2017-05-01,Normal,Anomaly,Normal,1.6556291390728477,YES,NO,PUNJAB,BARNALA
2017-03-19,2017-05-01,Normal,Anomaly,Normal,2.487562189054726,YES,NO,PUNJAB,ZIRA
2017-03-19,2017-05-01,Normal,Normal,Normal,1.5101188148721263,YES,NO,UTTAR PRADESH,LUCKNOW
2017-03-19,2017-05-01,Anomaly,Anomaly,Normal,1.3245033112582782,,,PUNJAB,SANGRUR
2017-03-26,2017-05-08,Normal,Normal,Normal,1.5919309039758762,NO,YES,WEST BENGAL,KALYANI
2017-03-26,2017-05-08,Normal,Normal,Normal,1.5396113642319762,NO,YES,WEST BENGAL,SHEORAPHULY
2017-04-02,2017-05-15,Normal,Normal,Normal,1.3303769401330376,YES,NO,UTTAR PRADESH,FAIZABAD
2017-04-09,2017-05-22,Normal,Normal,Normal,1.2659846547314575,NO,YES,NCT OF DELHI,AZADPUR
2017-04-09,2017-05-22,Normal,Normal,Normal,1.3080895008605853,YES,NO,WEST BENGAL,ULUBERIA
2017-04-30,2017-06-12,Normal,Normal,Normal,1.109350237717908,YES,NO,WEST BENGAL,KATWA
2017-04-30,2017-06-12,Normal,Anomaly,Normal,1.497005988023952,NO,NO,UTTAR PRADESH,BASTI
2017-04-30,2017-06-12,Normal,Anomaly,Normal,1.9933554817275747,YES,NO,PUNJAB,AJNALA
2017-04-30,2017-06-12,Anomaly,Anomaly,Anomaly,2.106350026273671,YES,NO,PUNJAB,MALERKOTLA
2017-04-30,2017-06-12,Normal,Anomaly,Normal,1.0671256454388984,YES,NO,WEST BENGAL,BISHNUPUR(BANKURA)
2017-05-07,2017-06-19,Normal,Normal,Normal,1.2678288431061806,YES,NO,WEST BENGAL,DURGAPUR
2017-05-07,2017-06-19,Anomaly,Anomaly,Anomaly,1.492537313432836,YES,NO,PUNJAB,ZIRA
2017-05-07,2017-06-19,Normal,Anomaly,Normal,1.8803418803418803,NO,YES,WEST BENGAL,ISLAMPUR
2017-05-07,2017-06-19,Normal,Anomaly,Normal,1.079429735234216,NO,YES,UTTAR PRADESH,LAKHIMPUR
2017-05-07,2017-06-19,Anomaly,Anomaly,Normal,2.0418848167539267,YES,NO,PUNJAB,BARNALA
2017-05-07,2017-06-19,Anomaly,Anomaly,Anomaly,3.3112582781456954,,,PUNJAB,SANGRUR
2017-05-07,2017-06-19,Normal,Anomaly,Normal,1.134453781512605,NO,YES,UTTAR PRADESH,LUCKNOW
2017-05-14,2017-06-26,Normal,Anomaly,Normal,1.1410459587955626,YES,NO,WEST BENGAL,SHEORAPHULY
2017-05-14,2017-06-26,Normal,Normal,Normal,1.160058737151248,YES,NO,WEST BENGAL,KALYANI
2017-05-21,2017-07-03,Normal,Anomaly,Normal,1.497005988023952,NO,YES,UTTAR PRADESH,FAIZABAD
2017-05-28,2017-07-10,Normal,Anomaly,Normal,2.137404580152672,NO,NO,NCT OF DELHI,AZADPUR
2017-05-28,2017-07-10,Normal,Anomaly,Normal,1.0243277848911652,NO,YES,WEST BENGAL,ULUBERIA
2017-06-18,2017-07-31,Normal,Anomaly,Normal,1.2569316081330868,YES,NO,WEST BENGAL,KATWA
2017-06-18,2017-07-31,Normal,Anomaly,Normal,1.0507880910683012,YES,NO,WEST BENGAL,BISHNUPUR(BANKURA)
2017-06-18,2017-07-31,Normal,Anomaly,Normal,1.745635910224439,NO,YES,PUNJAB,AJNALA
2017-06-18,2017-07-31,Anomaly,Anomaly,Anomaly,1.9900497512437807,YES,NO,PUNJAB,MALERKOTLA
2017-06-18,2017-07-31,Normal,Anomaly,Normal,1.3465160075329567,YES,NO,UTTAR PRADESH,BASTI
2017-06-25,2017-08-07,Normal,Anomaly,Normal,1.0413694721825963,YES,NO,WEST BENGAL,ISLAMPUR
2017-06-25,2017-08-07,Normal,Anomaly,Normal,1.0719530102790014,YES,NO,WEST BENGAL,DURGAPUR
2017-06-25,2017-08-07,Normal,Anomaly,Normal,1.32890365448505,YES,NO,PUNJAB,ZIRA
2017-06-25,2017-08-07,Anomaly,Anomaly,Anomaly,1.593625498007968,,,PUNJAB,SANGRUR
2017-06-25,2017-08-07,Normal,Anomaly,Normal,1.1804222648752398,YES,NO,UTTAR PRADESH,LAKHIMPUR
2017-06-25,2017-08-07,Normal,Anomaly,Normal,1.31935047367994,NO,YES,UTTAR PRADESH,LUCKNOW
2017-06-25,2017-08-07,Anomaly,Anomaly,Anomaly,1.6386775123447772,YES,NO,PUNJAB,BARNALA
2017-07-02,2017-08-14,Normal,Anomaly,Normal,1.119515885022693,YES,NO,WEST BENGAL,KALYANI
2017-07-02,2017-08-14,Normal,Anomaly,Normal,1.0990385658291333,YES,NO,WEST BENGAL,SHEORAPHULY
2017-07-09,2017-08-21,Normal,Anomaly,Normal,1.3173652694610778,YES,NO,UTTAR PRADESH,FAIZABAD
2017-07-16,2017-08-28,Normal,Anomaly,Normal,1.1126961483594864,YES,NO,WEST BENGAL,ULUBERIA
2017-07-16,2017-08-28,Normal,Anomaly,Normal,1.261739631718418,YES,NO,NCT OF DELHI,AZADPUR
2017-08-06,2017-09-18,Normal,Anomaly,Normal,4.98960498960499,YES,NO,WEST BENGAL,KATWA
2017-08-06,2017-09-18,Anomaly,Anomaly,Normal,1.9933554817275747,YES,NO,PUNJAB,AJNALA
2017-08-06,2017-09-18,Normal,Anomaly,Normal,1.088929219600726,YES,NO,WEST BENGAL,BISHNUPUR(BANKURA)
2017-08-06,2017-09-18,Normal,Anomaly,Normal,1.1350293542074363,YES,NO,UTTAR PRADESH,BASTI
2017-08-06,2017-09-18,Anomaly,Anomaly,Anomaly,1.8138678940062705,YES,NO,PUNJAB,MALERKOTLA
2017-08-13,2017-09-25,Normal,Anomaly,Normal,1.2375249500998005,YES,NO,UTTAR PRADESH,LAKHIMPUR
2017-08-13,2017-09-25,Normal,Anomaly,Normal,1.2479201331114809,YES,NO,WEST BENGAL,ISLAMPUR
2017-08-13,2017-09-25,Anomaly,Anomaly,Anomaly,1.195219123505976,,,PUNJAB,SANGRUR
2017-08-13,2017-09-25,Normal,Anomaly,Normal,1.0950080515297906,YES,NO,WEST BENGAL,DURGAPUR
2017-08-13,2017-09-25,Anomaly,Anomaly,Anomaly,1.702127659574468,YES,NO,PUNJAB,BARNALA
2017-08-13,2017-09-25,Normal,Anomaly,Normal,5.9880239520958085,YES,NO,UTTAR PRADESH,LUCKNOW
2017-08-13,2017-09-25,Anomaly,Anomaly,Normal,9.966777408637874,YES,NO,PUNJAB,ZIRA
2017-08-20,2017-10-02,Normal,Anomaly,Normal,1.2704174228675136,YES,NO,WEST BENGAL,KALYANI
2017-08-20,2017-10-02,Normal,Anomaly,Normal,1.1299435028248588,YES,NO,WEST BENGAL,SHEORAPHULY
2017-08-27,2017-10-09,Normal,Anomaly,Normal,1.164079822616408,YES,NO,UTTAR PRADESH,FAIZABAD
2017-09-03,2017-10-16,Normal,Anomaly,Normal,1.059001512859304,YES,NO,WEST BENGAL,ULUBERIA
2017-09-03,2017-10-16,Normal,Anomaly,Normal,1.1210191082802548,YES,NO,NCT OF DELHI,AZADPUR
2017-09-24,2017-11-06,Normal,Anomaly,Normal,1.3305613305613306,NO,YES,WEST BENGAL,KATWA
2017-09-24,2017-11-06,Normal,Anomaly,Normal,1.064638783269962,NO,YES,UTTAR PRADESH,BASTI
2017-09-24,2017-11-06,Anomaly,Anomaly,Normal,1.369239330335304,YES,NO,PUNJAB,AJNALA
2017-09-24,2017-11-06,Normal,Anomaly,Normal,1.2681912681912682,NO,YES,WEST BENGAL,BISHNUPUR(BANKURA)
2017-09-24,2017-11-06,Anomaly,Anomaly,Anomaly,1.5602836879432624,YES,NO,PUNJAB,MALERKOTLA
2017-10-01,2017-11-13,Normal,Anomaly,Normal,1.057884231536926,YES,NO,UTTAR PRADESH,LAKHIMPUR
2017-10-01,2017-11-13,Normal,Anomaly,Normal,1.1272141706924317,YES,NO,WEST BENGAL,DURGAPUR
2017-10-01,2017-11-13,Anomaly,Anomaly,Anomaly,1.9867549668874167,,,PUNJAB,SANGRUR
2017-10-01,2017-11-13,Anomaly,Anomaly,Anomaly,1.492537313432836,YES,NO,PUNJAB,ZIRA
2017-10-01,2017-11-13,Normal,Anomaly,Normal,1.1300914548582663,NO,YES,UTTAR PRADESH,LUCKNOW
2017-10-01,2017-11-13,Normal,Anomaly,Normal,1.09375,YES,NO,WEST BENGAL,ISLAMPUR
2017-10-01,2017-11-13,Anomaly,Anomaly,Anomaly,1.7624356773765204,YES,NO,PUNJAB,BARNALA
2017-10-08,2017-11-20,Normal,Normal,Normal,1.2869305923149723,YES,NO,WEST BENGAL,KALYANI
2017-10-08,2017-11-20,Normal,Anomaly,Normal,1.2939001848428835,NO,YES,WEST BENGAL,SHEORAPHULY
2017-10-15,2017-11-27,Normal,Anomaly,Normal,1.4962593516209477,NO,YES,UTTAR PRADESH,FAIZABAD
2017-10-22,2017-12-04,Normal,Normal,Normal,1.201526717557252,YES,NO,NCT OF DELHI,AZADPUR
2017-10-22,2017-12-04,Normal,Normal,Normal,1.1922503725782414,YES,NO,WEST BENGAL,ULUBERIA
2017-11-12,2017-12-25,Normal,Normal,Normal,1.3921113689095128,YES,NO,WEST BENGAL,BISHNUPUR(BANKURA)
2017-11-12,2017-12-25,Normal,Normal,Normal,2.9925187032418954,YES,NO,PUNJAB,AJNALA
2017-11-12,2017-12-25,Anomaly,Normal,Anomaly,2.7602905574019894,YES,NO,PUNJAB,MALERKOTLA
2017-11-12,2017-12-25,Normal,Normal,Normal,1.054613935969868,YES,NO,UTTAR PRADESH,BASTI
2017-11-12,2017-12-25,Normal,Normal,Normal,1.6152019002375295,YES,NO,WEST BENGAL,KATWA
2017-11-19,2018-01-01,Normal,Normal,Normal,1.0695187165775402,YES,NO,WEST BENGAL,ISLAMPUR
2017-11-19,2018-01-01,Anomaly,Normal,Normal,3.3112582781456954,NO,YES,PUNJAB,ZIRA
2017-11-19,2018-01-01,Anomaly,Normal,Anomaly,14.900662251655628,YES,NO,PUNJAB,BARNALA
2017-11-19,2018-01-01,Normal,Normal,Normal,1.377245508982036,YES,NO,WEST BENGAL,DURGAPUR
2017-11-19,2018-01-01,Anomaly,Normal,Normal,3.9800995024875614,,,PUNJAB,SANGRUR
2017-11-19,2018-01-01,Normal,Normal,Normal,1.1554621848739497,YES,NO,UTTAR PRADESH,LUCKNOW
2017-11-19,2018-01-01,Normal,Normal,Normal,1.1177644710578842,YES,NO,UTTAR PRADESH,LAKHIMPUR
2017-11-26,2018-01-08,Normal,Normal,Normal,2.122186495176849,YES,NO,WEST BENGAL,SHEORAPHULY
2017-11-26,2018-01-08,Normal,Normal,Normal,2.0775623268698062,YES,NO,WEST BENGAL,KALYANI
2017-12-03,2018-01-15,Normal,Normal,Normal,1.6209476309226931,NO,YES,UTTAR PRADESH,FAIZABAD
2017-12-10,2018-01-22,Normal,Normal,Normal,1.2979721597678315,YES,NO,NCT OF DELHI,AZADPUR
2017-12-10,2018-01-22,Normal,Normal,Normal,1.8248175182481752,YES,NO,WEST BENGAL,ULUBERIA
2017-12-31,2018-02-12,Anomaly,Normal,Normal,1.3504823151125402,YES,NO,WEST BENGAL,BISHNUPUR(BANKURA)
2017-12-31,2018-02-12,Anomaly,Normal,Anomaly,1.791044776119403,YES,NO,PUNJAB,MALERKOTLA
2017-12-31,2018-02-12,Anomaly,Normal,Normal,1.685823754789272,YES,NO,WEST BENGAL,KATWA
2017-12-31,2018-02-12,Anomaly,Normal,Anomaly,1.64383561659189,YES,NO,PUNJAB,AJNALA
2017-12-31,2018-02-12,Normal,Normal,Normal,1.134301270417423,NO,YES,UTTAR PRADESH,BASTI
2018-01-07,2018-02-19,Normal,Normal,Normal,1.1477045908183632,NO,YES,UTTAR PRADESH,LUCKNOW
2018-01-07,2018-02-19,Anomaly,Normal,Anomaly,2.5165562913907285,YES,NO,PUNJAB,BARNALA
2018-01-07,2018-02-19,Anomaly,Normal,Anomaly,1.195219123505976,YES,NO,PUNJAB,ZIRA
2018-01-07,2018-02-19,Normal,Normal,Normal,1.057884231536926,YES,NO,UTTAR PRADESH,LAKHIMPUR
2018-01-07,2018-02-19,Anomaly,Normal,Anomaly,1.593625498007968,,,PUNJAB,SANGRUR
2018-01-14,2018-02-26,Normal,Normal,Normal,1.3972055888223551,NO,YES,WEST BENGAL,DURGAPUR
2018-01-14,2018-02-26,Normal,Normal,Normal,1.6620498614958448,NO,YES,WEST BENGAL,KALYANI
2018-01-14,2018-02-26,Normal,Normal,Normal,1.996007984031936,NO,YES,WEST BENGAL,ISLAMPUR
2018-01-14,2018-02-26,Normal,Normal,Normal,2.528735632183908,NO,YES,WEST BENGAL,SHEORAPHULY
2018-01-21,2018-03-05,Normal,Normal,Normal,1.3972055888223551,YES,NO,UTTAR PRADESH,FAIZABAD
2018-01-28,2018-03-12,Normal,Normal,Normal,1.6071428571428572,NO,YES,NCT OF DELHI,AZADPUR
2018-02-11,2018-03-26,Normal,Normal,Normal,1.733800350262697,YES,NO,WEST BENGAL,ULUBERIA
2018-02-18,2018-04-02,Normal,Normal,Normal,1.7060367454068242,NO,YES,PUNJAB,MALERKOTLA
2018-02-18,2018-04-02,Anomaly,Normal,Anomaly,1.6611295681063123,YES,NO,PUNJAB,AJNALA
2018-02-25,2018-04-09,Normal,Normal,Anomaly,1.8126888217522656,NO,YES,PUNJAB,BARNALA
2018-02-25,2018-04-09,Normal,Normal,Normal,1.549053356282272,YES,NO,UTTAR PRADESH,LUCKNOW
2018-02-25,2018-04-09,Anomaly,Normal,Anomaly,1.3960703366203788,YES,NO,PUNJAB,ZIRA
2018-02-25,2018-04-09,Normal,Normal,Anomaly,1.84804928142259,,,PUNJAB,SANGRUR
2018-03-04,2018-04-16,Normal,Normal,Normal,1.488880466335977,YES,NO,WEST BENGAL,DURGAPUR
2018-03-04,2018-04-16,Normal,Normal,Normal,1.3869625520110958,NO,YES,WEST BENGAL,KATWA
2018-03-11,2018-04-23,Normal,Normal,Normal,1.642512077294686,YES,NO,UTTAR PRADESH,LAKHIMPUR
2018-03-11,2018-04-23,Normal,Normal,Normal,1.2050599201065246,YES,NO,WEST BENGAL,BISHNUPUR(BANKURA)
2018-03-18,2018-04-30,Normal,Normal,Normal,1.7643142476697735,NO,YES,UTTAR PRADESH,FAIZABAD
2018-03-18,2018-04-30,Normal,Normal,Normal,1.5109612141652613,YES,NO,NCT OF DELHI,AZADPUR
2018-04-08,2018-05-21,Anomaly,Normal,Anomaly,2.3255813953488373,NO,YES,PUNJAB,AJNALA
2018-04-08,2018-05-21,Normal,Normal,Normal,1.8302828618968383,YES,NO,PUNJAB,MALERKOTLA
2018-04-15,2018-05-28,Anomaly,Normal,Normal,1.4784497160277197,NO,NO,UTTAR PRADESH,LUCKNOW
2018-04-15,2018-05-28,Anomaly,Normal,Normal,1.5940488841657812,NO,NO,WEST BENGAL,SHEORAPHULY
2018-04-15,2018-05-28,Anomaly,Normal,Anomaly,2.6578073089701,NO,NO,PUNJAB,ZIRA
2018-04-15,2018-05-28,Anomaly,Normal,Normal,1.4335360556038228,NO,NO,WEST BENGAL,ULUBERIA
2018-04-22,2018-06-04,Anomaly,Normal,Normal,1.3948497851210382,NO,NO,WEST BENGAL,KALYANI
2018-04-22,2018-06-04,Anomaly,Normal,Normal,1.5928828044453986,NO,NO,WEST BENGAL,DURGAPUR
2018-04-29,2018-06-11,Normal,Normal,Anomaly,1.497504159733777,,,PUNJAB,SANGRUR
2018-04-29,2018-06-11,Anomaly,Normal,Normal,1.498751040799334,NO,NO,WEST BENGAL,ISLAMPUR
2018-05-06,2018-06-18,Anomaly,Normal,Normal,1.0611735330836454,NO,NO,PUNJAB,BARNALA
2018-05-27,2018-07-09,Anomaly,Normal,Anomaly,1.596806387225549,YES,NO,PUNJAB,AJNALA
2018-05-27,2018-07-09,Anomaly,Normal,Anomaly,1.1750881316098707,NO,NO,PUNJAB,MALERKOTLA
2018-06-17,2018-07-30,Normal,Anomaly,Normal,1.0019830922706596,NO,NO,WEST BENGAL,ISLAMPUR
2018-06-17,2018-07-30,Anomaly,Normal,Anomaly,1.2838801711840229,,,PUNJAB,SANGRUR
2018-06-17,2018-07-30,Normal,Normal,Anomaly,1.664816870144284,NO,NO,PUNJAB,ZIRA
2018-06-24,2018-08-06,Anomaly,Normal,Anomaly,1.30568356374808,NO,YES,PUNJAB,BARNALA
2018-07-15,2018-08-27,Anomaly,Normal,Anomaly,1.355206847360913,NO,YES,PUNJAB,MALERKOTLA
2018-07-15,2018-08-27,Anomaly,Normal,Anomaly,2.1956087824351296,YES,NO,PUNJAB,AJNALA
2018-08-05,2018-09-17,Anomaly,Normal,Normal,1.2484394506866416,NO,NO,PUNJAB,ZIRA
2018-08-05,2018-09-17,Anomaly,Normal,Anomaly,1.228878648233487,,,PUNJAB,SANGRUR
2018-08-12,2018-09-24,Anomaly,Normal,Anomaly,2.329450915141431,YES,NO,PUNJAB,BARNALA
2018-09-02,2018-10-15,Anomaly,Normal,Anomaly,1.596806387225549,YES,NO,PUNJAB,AJNALA
2018-09-02,2018-10-15,Anomaly,Normal,Normal,1.49812734082397,NO,NO,PUNJAB,MALERKOTLA
2018-09-30,2018-11-12,Anomaly,Normal,Normal,1.5806988352745424,NO,YES,PUNJAB,BARNALA
2018-09-30,2018-11-12,Normal,Normal,Normal,1.49812734082397,NO,YES,PUNJAB,ZIRA
2018-10-14,2018-11-26,Anomaly,Normal,Normal,1.49812734082397,,,PUNJAB,SANGRUR
2018-10-21,2018-12-03,Normal,Normal,Normal,1.710362047440699,NO,YES,WEST BENGAL,ISLAMPUR
2018-10-21,2018-12-03,Normal,Normal,Normal,2.013313609467456,NO,YES,NCT OF DELHI,AZADPUR
2018-10-21,2018-12-03,Normal,Normal,Normal,1.9350811485642947,NO,YES,WEST BENGAL,SHEORAPHULY
2018-10-21,2018-12-03,Anomaly,Normal,Anomaly,1.3972055888223551,YES,NO,PUNJAB,AJNALA
2018-10-21,2018-12-03,Normal,Normal,Normal,1.854493580599144,NO,YES,WEST BENGAL,KATWA
2018-10-21,2018-12-03,Anomaly,Normal,Anomaly,6.467661691542289,YES,NO,PUNJAB,MALERKOTLA
2018-10-21,2018-12-03,Normal,Normal,Normal,1.7643142476697735,NO,YES,UTTAR PRADESH,FAIZABAD
2018-10-21,2018-12-03,Normal,Normal,Normal,1.9350811485642947,NO,YES,UTTAR PRADESH,LUCKNOW
2018-10-28,2018-12-10,Normal,Normal,Normal,2.189349112426036,NO,YES,WEST BENGAL,DURGAPUR
2018-11-04,2018-12-17,Normal,Normal,Normal,2.3488045007032348,NO,YES,UTTAR PRADESH,LAKHIMPUR
2018-11-04,2018-12-17,Normal,Normal,Normal,1.79519595448799,NO,YES,WEST BENGAL,ULUBERIA
2018-11-04,2018-12-17,Normal,Normal,Normal,2.087126774327949,NO,YES,WEST BENGAL,KALYANI
2018-11-11,2018-12-24,Normal,Normal,Normal,1.7976031957390146,NO,YES,UTTAR PRADESH,BASTI
2018-11-11,2018-12-24,Anomaly,Normal,Normal,1.3432835820895523,NO,NO,WEST BENGAL,BISHNUPUR(BANKURA)
2018-11-18,2018-12-31,Anomaly,Normal,Normal,1.1235955056179776,NO,YES,PUNJAB,ZIRA
2018-11-18,2018-12-31,Anomaly,Normal,Anomaly,3.187250996015936,YES,NO,PUNJAB,BARNALA
2018-12-02,2019-01-14,Anomaly,Normal,Anomaly,2.325581395541992,,,PUNJAB,SANGRUR
2018-12-09,2019-01-21,Anomaly,Normal,Anomaly,1.823361823361824,YES,NO,PUNJAB,MALERKOTLA
2018-12-09,2019-01-21,Anomaly,Normal,Normal,1.3605442176870748,YES,NO,WEST BENGAL,KATWA
2018-12-09,2019-01-21,Anomaly,Normal,Normal,2.3864306784660765,YES,NO,NCT OF DELHI,AZADPUR
2018-12-09,2019-01-21,Anomaly,Normal,Normal,1.2834224598930482,YES,NO,WEST BENGAL,SHEORAPHULY
2018-12-09,2019-01-21,Normal,Normal,Normal,1.4265335235378032,YES,NO,WEST BENGAL,ISLAMPUR
2018-12-09,2019-01-21,Anomaly,Normal,Normal,1.5469061876247503,YES,NO,UTTAR PRADESH,LUCKNOW
2018-12-09,2019-01-21,Anomaly,Normal,Normal,1.7890772128060264,YES,NO,UTTAR PRADESH,FAIZABAD
2018-12-09,2019-01-21,Anomaly,Normal,Normal,1.9933554817275747,YES,NO,PUNJAB,AJNALA
2018-12-16,2019-01-28,Normal,Normal,Normal,1.5355086372360844,YES,NO,WEST BENGAL,DURGAPUR
2018-12-23,2019-02-04,Anomaly,Normal,Normal,1.2375249500998005,YES,NO,UTTAR PRADESH,LAKHIMPUR
2018-12-23,2019-02-04,Normal,Normal,Normal,1.1456628477905073,YES,NO,WEST BENGAL,KALYANI
2018-12-23,2019-02-04,Normal,Normal,Normal,1.418563922942207,NO,YES,WEST BENGAL,ULUBERIA
2018-12-30,2019-02-11,Anomaly,Normal,Normal,1.752021563342318,YES,NO,WEST BENGAL,BISHNUPUR(BANKURA)
2018-12-30,2019-02-11,Normal,Normal,Normal,1.1544461778471138,YES,NO,UTTAR PRADESH,BASTI
2019-01-06,2019-02-18,Anomaly,Normal,Anomaly,1.7330677290836654,YES,NO,PUNJAB,BARNALA
2019-01-06,2019-02-18,Normal,Normal,Normal,1.596806387225549,YES,NO,PUNJAB,ZIRA
2019-01-20,2019-03-04,Anomaly,Normal,Normal,1.3297872340425532,,,PUNJAB,SANGRUR
2019-01-27,2019-03-11,Anomaly,Normal,Normal,1.5748031496062993,NO,YES,WEST BENGAL,KATWA
2019-01-27,2019-03-11,Normal,Normal,Normal,1.4553014553014554,YES,NO,WEST BENGAL,ISLAMPUR
2019-01-27,2019-03-11,Anomaly,Normal,Normal,2.990033222591362,YES,NO,PUNJAB,AJNALA
2019-01-27,2019-03-11,Normal,Normal,Normal,1.2916666666666667,YES,NO,NCT OF DELHI,AZADPUR
2019-01-27,2019-03-11,Normal,Normal,Normal,1.4636850860098292,NO,YES,UTTAR PRADESH,LUCKNOW
2019-01-27,2019-03-11,Anomaly,Normal,Normal,1.3648293963254594,YES,NO,PUNJAB,MALERKOTLA
2019-01-27,2019-03-11,Normal,Normal,Normal,1.5384615384615383,YES,NO,WEST BENGAL,SHEORAPHULY
2019-01-27,2019-03-11,Normal,Normal,Normal,1.3972055888223551,YES,NO,UTTAR PRADESH,FAIZABAD
2019-02-03,2019-03-18,Anomaly,Normal,Normal,1.4150943396226414,YES,NO,WEST BENGAL,DURGAPUR
2019-02-10,2019-03-25,Normal,Normal,Normal,1.2526539278131634,YES,NO,WEST BENGAL,ULUBERIA
2019-02-10,2019-03-25,Normal,Normal,Normal,1.3572854291417165,NO,YES,UTTAR PRADESH,LAKHIMPUR
2019-02-10,2019-03-25,Normal,Normal,Normal,1.1927181418236033,YES,NO,WEST BENGAL,KALYANI
2019-02-17,2019-04-01,Normal,Normal,Normal,1.1314475873544094,YES,NO,UTTAR PRADESH,BASTI
2019-02-17,2019-04-01,Normal,Normal,Normal,1.5633423180592991,NO,YES,WEST BENGAL,BISHNUPUR(BANKURA)
2019-02-24,2019-04-08,Normal,Anomaly,Normal,1.6948369768309,YES,NO,PUNJAB,ZIRA
2019-02-24,2019-04-08,Anomaly,Anomaly,Anomaly,1.4617940199335548,YES,NO,PUNJAB,BARNALA
2019-03-17,2019-04-29,Normal,Normal,Normal,1.3311148086522462,YES,NO,UTTAR PRADESH,LUCKNOW
2019-03-17,2019-04-29,Normal,Normal,Normal,1.288244766505636,YES,NO,UTTAR PRADESH,FAIZABAD
2019-03-17,2019-04-29,Normal,Normal,Anomaly,1.4962593516209477,YES,NO,PUNJAB,AJNALA
2019-03-17,2019-04-29,Anomaly,Anomaly,Anomaly,2.554517133956386,NO,YES,PUNJAB,MALERKOTLA
2019-03-17,2019-04-29,Normal,Normal,Anomaly,1.4962593516209477,,,PUNJAB,SANGRUR
2019-03-17,2019-04-29,Normal,Normal,Normal,1.088929219600726,YES,NO,WEST BENGAL,ISLAMPUR
2019-03-24,2019-05-06,Normal,Normal,Normal,1.3396715643906656,YES,NO,NCT OF DELHI,AZADPUR
2019-03-31,2019-05-13,Anomaly,Normal,Normal,2.084035730878774,NO,NO,WEST BENGAL,KALYANI
2019-03-31,2019-05-13,Normal,Normal,Normal,1.3517665130568357,YES,NO,UTTAR PRADESH,LAKHIMPUR
2019-03-31,2019-05-13,Normal,Normal,Normal,1.6194331983805668,NO,YES,WEST BENGAL,ULUBERIA
2019-03-31,2019-05-13,Normal,Normal,Normal,1.3509544787077827,YES,NO,WEST BENGAL,KATWA
2019-04-07,2019-05-20,Normal,Normal,Normal,1.3581890812250332,NO,YES,WEST BENGAL,SHEORAPHULY
2019-04-07,2019-05-20,Normal,Normal,Normal,1.1768901569186876,YES,NO,UTTAR PRADESH,BASTI
2019-04-14,2019-05-27,Anomaly,Normal,Anomaly,1.596806387225549,NO,NO,PUNJAB,ZIRA
2019-04-28,2019-06-10,Normal,Normal,Normal,1.2010113780025284,NO,YES,WEST BENGAL,BISHNUPUR(BANKURA)
2019-05-05,2019-06-17,Anomaly,Normal,Normal,1.0556348074179742,YES,NO,WEST BENGAL,ISLAMPUR
2019-05-05,2019-06-17,Anomaly,Normal,Normal,1.60427807486631,YES,NO,PUNJAB,MALERKOTLA
2019-05-05,2019-06-17,Anomaly,Anomaly,Anomaly,1.2468827930174564,YES,NO,PUNJAB,AJNALA
2019-05-05,2019-06-17,Normal,Normal,Normal,1.5324459234608985,YES,NO,PUNJAB,BARNALA
2019-05-12,2019-06-24,Normal,Normal,Normal,1.1101813110181311,YES,NO,NCT OF DELHI,AZADPUR
2019-06-09,2019-07-22,Normal,Normal,Normal,1.1205846528623629,NO,YES,WEST BENGAL,KATWA
2019-06-09,2019-07-22,Normal,Normal,Normal,1.2172284644194755,NO,YES,UTTAR PRADESH,FAIZABAD
2019-06-16,2019-07-29,Normal,Normal,Normal,1.373283395755306,NO,YES,PUNJAB,ZIRA
2019-06-23,2019-08-05,Normal,Normal,Normal,1.927437641723356,NO,YES,WEST BENGAL,BISHNUPUR(BANKURA)
2019-06-23,2019-08-05,Anomaly,Anomaly,Anomaly,1.6666666666666667,YES,NO,PUNJAB,BARNALA
2019-06-23,2019-08-05,Anomaly,Anomaly,Anomaly,1.8438177874186552,YES,NO,PUNJAB,MALERKOTLA
2019-06-23,2019-08-05,Anomaly,Anomaly,Anomaly,1.3972055888223551,YES,NO,PUNJAB,AJNALA
2019-06-30,2019-08-12,Anomaly,Normal,Normal,1.4265335235378032,,,PUNJAB,SANGRUR
2019-07-21,2019-09-02,Normal,Normal,Normal,1.4075010534985253,NO,YES,UTTAR PRADESH,LUCKNOW
2019-07-28,2019-09-09,Anomaly,Normal,Anomaly,1.355206847360913,NO,YES,UTTAR PRADESH,FAIZABAD
2019-08-04,2019-09-16,Anomaly,Normal,Normal,2.8286189683860234,NO,NO,PUNJAB,ZIRA
2019-08-11,2019-09-23,Anomaly,Anomaly,Anomaly,1.278772378516624,NO,YES,PUNJAB,BARNALA
2019-08-11,2019-09-23,Anomaly,Anomaly,Anomaly,1.7732742242978117,YES,NO,PUNJAB,MALERKOTLA
2019-08-11,2019-09-23,Anomaly,Normal,Anomaly,1.996007984031936,YES,NO,PUNJAB,AJNALA
2019-08-11,2019-09-23,Normal,Normal,Normal,1.2058465286236295,NO,YES,UTTAR PRADESH,LAKHIMPUR
2019-08-18,2019-09-30,Anomaly,Normal,Normal,1.0475030450669915,NO,NO,WEST BENGAL,BISHNUPUR(BANKURA)
2019-08-18,2019-09-30,Anomaly,Normal,Anomaly,7.986688851913477,,,PUNJAB,SANGRUR
2019-08-25,2019-10-07,Anomaly,Normal,Normal,1.2485811577752557,NO,NO,WEST BENGAL,KATWA
2019-09-15,2019-10-28,Normal,Normal,Anomaly,1.4314247669773634,NO,NO,UTTAR PRADESH,FAIZABAD
2019-09-15,2019-10-28,Normal,Normal,Anomaly,1.373283395755306,NO,NO,UTTAR PRADESH,LUCKNOW
2019-09-22,2019-11-04,Normal,Normal,Anomaly,1.49812734082397,NO,YES,PUNJAB,ZIRA
2019-09-29,2019-11-11,Anomaly,Anomaly,Anomaly,1.9943019943019944,NO,YES,PUNJAB,BARNALA
2019-09-29,2019-11-11,Anomaly,Normal,Anomaly,1.7516629711219514,NO,YES,PUNJAB,MALERKOTLA
2019-09-29,2019-11-11,Normal,Normal,Anomaly,1.165279429250892,NO,NO,UTTAR PRADESH,LAKHIMPUR
2019-09-29,2019-11-11,Normal,Normal,Anomaly,2.594810379241517,NO,YES,PUNJAB,AJNALA
2019-10-06,2019-11-18,Anomaly,Normal,Anomaly,1.3311148086522462,,,PUNJAB,SANGRUR
2019-11-10,2019-12-23,Anomaly,Normal,Anomaly,2.1398002853067046,NO,NO,PUNJAB,ZIRA
2019-11-17,2019-12-30,Normal,Normal,Anomaly,1.8645948945615984,NO,NO,UTTAR PRADESH,LUCKNOW
2019-11-17,2019-12-30,Normal,Normal,Anomaly,3.104212860310421,YES,NO,PUNJAB,MALERKOTLA
2019-11-17,2019-12-30,Anomaly,Normal,Anomaly,3.592814371257485,YES,NO,PUNJAB,AJNALA
2019-11-17,2019-12-30,Anomaly,Normal,Anomaly,1.5538290788013318,NO,NO,UTTAR PRADESH,LAKHIMPUR
2019-11-17,2019-12-30,Normal,Normal,Anomaly,1.30718954248366,NO,NO,UTTAR PRADESH,BASTI
2019-11-17,2019-12-30,Anomaly,Normal,Anomaly,3.097040605803357,NO,NO,PUNJAB,BARNALA
2019-12-01,2020-01-13,Normal,Anomaly,Normal,1.4919376730771106,NO,NO,WEST BENGAL,KALYANI
2019-12-01,2020-01-13,Anomaly,Anomaly,Normal,1.9297036526533424,NO,NO,WEST BENGAL,KATWA
2019-12-01,2020-01-13,Anomaly,Anomaly,Normal,1.3657561625582946,NO,NO,WEST BENGAL,ISLAMPUR
2019-12-01,2020-01-13,Anomaly,Anomaly,Normal,1.4625228519195612,NO,NO,WEST BENGAL,ULUBERIA
2019-12-01,2020-01-13,Anomaly,Anomaly,Normal,1.6162862430598397,NO,NO,WEST BENGAL,DURGAPUR
2019-12-01,2020-01-13,Anomaly,Anomaly,Normal,1.6864459712679576,NO,NO,WEST BENGAL,SHEORAPHULY
2019-12-08,2020-01-20,Anomaly,Anomaly,Normal,1.4093529788597052,NO,NO,WEST BENGAL,BISHNUPUR(BANKURA)
2019-12-15,2020-01-27,Normal,Normal,Anomaly,1.898101898101898,,,PUNJAB,SANGRUR
2019-12-22,2020-02-03,Anomaly,Normal,Normal,1.730019493177388,NO,NO,UTTAR PRADESH,FAIZABAD
2019-12-29,2020-02-10,Normal,Anomaly,Normal,1.6100486614074176,NO,NO,NCT OF DELHI,AZADPUR
2019-12-29,2020-02-10,Anomaly,Normal,Anomaly,1.3986013986013983,NO,NO,PUNJAB,ZIRA
2020-01-05,2020-02-17,Anomaly,Normal,Anomaly,2.0737327188940093,NO,NO,PUNJAB,BARNALA
2020-01-05,2020-02-17,Anomaly,Normal,Anomaly,1.8396846254927728,NO,NO,PUNJAB,MALERKOTLA
2020-01-05,2020-02-17,Anomaly,Normal,Anomaly,1.7964071856287425,YES,NO,PUNJAB,AJNALA
2020-01-05,2020-02-17,Anomaly,Normal,Anomaly,1.664816870144284,NO,NO,UTTAR PRADESH,LUCKNOW
2020-01-05,2020-02-17,Anomaly,Normal,Normal,1.3886113886113889,NO,NO,UTTAR PRADESH,BASTI
2020-01-05,2020-02-17,Anomaly,Normal,Anomaly,1.4814814814814814,NO,NO,UTTAR PRADESH,LAKHIMPUR
2020-01-19,2020-03-02,Anomaly,Anomaly,Normal,1.142041399000714,NO,NO,WEST BENGAL,ISLAMPUR
2020-01-19,2020-03-02,Anomaly,Anomaly,Anomaly,2.286198137171888,NO,NO,WEST BENGAL,DURGAPUR
2020-01-19,2020-03-02,Anomaly,Anomaly,Normal,1.9212295869356388,NO,NO,WEST BENGAL,SHEORAPHULY
2020-01-19,2020-03-02,Anomaly,Anomaly,Normal,1.6869275603588676,NO,NO,WEST BENGAL,KALYANI
2020-01-19,2020-03-02,Anomaly,Anomaly,Normal,1.53102336825141,NO,NO,WEST BENGAL,KATWA
2020-01-19,2020-03-02,Normal,Anomaly,Normal,1.7226528854435832,NO,NO,WEST BENGAL,ULUBERIA
2020-01-26,2020-03-09,Anomaly,Normal,Normal,1.784675072744908,NO,NO,WEST BENGAL,BISHNUPUR(BANKURA)
2020-02-02,2020-03-16,Anomaly,Normal,Anomaly,1.3144058885383807,,,PUNJAB,SANGRUR
2020-02-09,2020-03-23,Normal,Anomaly,Normal,1.7418032786885247,NO,NO,UTTAR PRADESH,FAIZABAD
2020-02-16,2020-03-30,Anomaly,Normal,Anomaly,1.2484394506866416,NO,NO,PUNJAB,ZIRA
2020-02-23,2020-04-06,Normal,Anomaly,Normal,1.4983351831298557,NO,NO,PUNJAB,BARNALA
2020-02-23,2020-04-06,Normal,Anomaly,Normal,1.997780244173141,NO,NO,PUNJAB,MALERKOTLA
2020-02-23,2020-04-06,Anomaly,Normal,Anomaly,3.821295573103785,NO,NO,PUNJAB,AJNALA
2020-02-23,2020-04-06,Normal,Anomaly,Normal,1.5349682107175295,NO,NO,UTTAR PRADESH,LAKHIMPUR
2020-02-23,2020-04-06,Normal,Anomaly,Normal,1.5731292517006803,NO,NO,UTTAR PRADESH,LUCKNOW
2020-03-01,2020-04-13,Normal,Anomaly,Normal,1.2241666934290725,NO,NO,NCT OF DELHI,AZADPUR
2020-03-01,2020-04-13,Normal,Anomaly,Normal,1.5263644773358005,NO,NO,UTTAR PRADESH,BASTI
2020-03-08,2020-04-20,Normal,Anomaly,Normal,1.4504431909750202,NO,NO,WEST BENGAL,KATWA
2020-03-08,2020-04-20,Normal,Anomaly,Normal,1.4817700263879667,NO,NO,WEST BENGAL,KALYANI
2020-03-08,2020-04-20,Normal,Anomaly,Normal,1.2789768185451638,NO,NO,WEST BENGAL,ISLAMPUR
2020-03-08,2020-04-20,Normal,Anomaly,Normal,1.398834304746045,NO,NO,WEST BENGAL,DURGAPUR
2020-03-08,2020-04-20,Normal,Anomaly,Normal,1.6348773841961852,NO,NO,WEST BENGAL,SHEORAPHULY
2020-03-08,2020-04-20,Normal,Anomaly,Normal,1.522601110229976,NO,NO,WEST BENGAL,ULUBERIA
2020-03-29,2020-05-11,Normal,Anomaly,Normal,1.096067053513862,NO,NO,UTTAR PRADESH,FAIZABAD
2020-04-12,2020-05-25,Normal,Normal,Anomaly,2.312514377928125,NO,NO,PUNJAB,AJNALA
2020-04-19,2020-06-01,Anomaly,Normal,Anomaly,1.7758046614872365,NO,NO,PUNJAB,ZIRA
2020-04-19,2020-06-01,Normal,Anomaly,Normal,1.1259947561283423,NO,NO,UTTAR PRADESH,BASTI
2020-04-19,2020-06-01,Normal,Anomaly,Normal,1.518784972022382,NO,NO,PUNJAB,MALERKOTLA
2020-04-26,2020-06-08,Normal,Anomaly,Normal,1.222810111699001,NO,NO,WEST BENGAL,KATWA
2020-04-26,2020-06-08,Normal,Anomaly,Normal,1.1554092830659457,NO,NO,WEST BENGAL,KALYANI
2020-04-26,2020-06-08,Normal,Anomaly,Normal,1.2281757977122216,NO,NO,WEST BENGAL,SHEORAPHULY
2020-04-26,2020-06-08,Normal,Anomaly,Normal,1.1757789535567311,NO,NO,WEST BENGAL,DURGAPUR
2020-04-26,2020-06-08,Normal,Anomaly,Normal,1.2719563900666262,NO,NO,WEST BENGAL,ISLAMPUR
2020-04-26,2020-06-08,Normal,Anomaly,Normal,1.1811470755252698,NO,NO,WEST BENGAL,ULUBERIA
2020-05-17,2020-06-29,Normal,Anomaly,Normal,1.2757263562663914,NO,NO,UTTAR PRADESH,LUCKNOW
2020-05-17,2020-06-29,Normal,Anomaly,Normal,1.2572533849129597,NO,NO,UTTAR PRADESH,FAIZABAD
2020-05-17,2020-06-29,Normal,Anomaly,Normal,1.3639432815665091,NO,NO,WEST BENGAL,BISHNUPUR(BANKURA)
2020-05-24,2020-07-06,Normal,Normal,Anomaly,2.5677603423680457,,,PUNJAB,SANGRUR
2020-05-24,2020-07-06,Normal,Normal,Anomaly,1.8867924528301887,NO,NO,PUNJAB,BARNALA
2020-05-31,2020-07-13,Normal,Normal,Anomaly,1.114879609905073,NO,NO,NCT OF DELHI,AZADPUR
2020-05-31,2020-07-13,Anomaly,Normal,Anomaly,1.8801410106172185,NO,NO,PUNJAB,AJNALA
2020-06-07,2020-07-20,Normal,Anomaly,Normal,1.4146658014276443,NO,NO,UTTAR PRADESH,LAKHIMPUR
2020-06-07,2020-07-20,Anomaly,Normal,Anomaly,1.5984015984015985,NO,NO,PUNJAB,ZIRA
2020-06-07,2020-07-20,Normal,Anomaly,Normal,1.2492192379762648,NO,NO,UTTAR PRADESH,BASTI
2020-06-14,2020-07-27,Normal,Anomaly,Normal,1.2738853503184713,NO,NO,WEST BENGAL,KATWA
2020-06-14,2020-07-27,Normal,Anomaly,Normal,1.2676743052169672,NO,NO,WEST BENGAL,ISLAMPUR
2020-06-14,2020-07-27,Normal,Anomaly,Normal,1.2993503248375813,NO,NO,WEST BENGAL,DURGAPUR
2020-06-14,2020-07-27,Normal,Anomaly,Normal,1.2172191984166254,NO,NO,WEST BENGAL,SHEORAPHULY
2020-06-14,2020-07-27,Normal,Anomaly,Normal,1.2184673964778676,NO,NO,WEST BENGAL,ULUBERIA
2020-06-14,2020-07-27,Normal,Anomaly,Normal,1.22771366598153,NO,NO,WEST BENGAL,KALYANI
2020-06-21,2020-08-03,Normal,Normal,Anomaly,1.2188544419270673,NO,NO,PUNJAB,MALERKOTLA
2020-07-05,2020-08-17,Normal,Anomaly,Normal,1.2014134275618376,NO,NO,WEST BENGAL,BISHNUPUR(BANKURA)
2020-07-05,2020-08-17,Normal,Anomaly,Normal,1.2289648138704743,NO,NO,UTTAR PRADESH,LUCKNOW
2020-07-05,2020-08-17,Normal,Anomaly,Normal,1.2993503248375813,NO,NO,UTTAR PRADESH,FAIZABAD
2020-07-12,2020-08-24,Normal,Normal,Anomaly,1.2325116588940703,NO,NO,PUNJAB,BARNALA
2020-07-12,2020-08-24,Normal,Normal,Anomaly,1.3990672884743505,,,PUNJAB,SANGRUR
2020-07-19,2020-08-31,Anomaly,Normal,Anomaly,1.3561741613133476,NO,NO,PUNJAB,AJNALA
2020-07-19,2020-08-31,Normal,Anomaly,Normal,2.189365936878021,NO,NO,NCT OF DELHI,AZADPUR
2020-07-26,2020-09-07,Normal,Anomaly,Normal,1.130932074061345,NO,NO,UTTAR PRADESH,LAKHIMPUR
2020-07-26,2020-09-07,Anomaly,Normal,Anomaly,1.4951887490799665,NO,NO,PUNJAB,ZIRA
2020-07-26,2020-09-07,Normal,Anomaly,Normal,1.163852122318576,NO,NO,UTTAR PRADESH,BASTI
2020-08-02,2020-09-14,Normal,Anomaly,Normal,1.2168622338113864,NO,NO,WEST BENGAL,DURGAPUR
2020-08-02,2020-09-14,Normal,Anomaly,Normal,1.2126177795985251,NO,NO,WEST BENGAL,KALYANI
2020-08-02,2020-09-14,Normal,Anomaly,Normal,1.2244897959183674,NO,NO,WEST BENGAL,SHEORAPHULY
2020-08-02,2020-09-14,Normal,Anomaly,Normal,1.0811913504691963,NO,NO,WEST BENGAL,ISLAMPUR
2020-08-02,2020-09-14,Normal,Anomaly,Normal,1.2342459800086918,NO,NO,WEST BENGAL,KATWA
2020-08-02,2020-09-14,Normal,Anomaly,Normal,1.2366834398601478,NO,NO,WEST BENGAL,ULUBERIA
2020-08-09,2020-09-21,Anomaly,Anomaly,Normal,1.2215435868961688,NO,NO,PUNJAB,MALERKOTLA
2020-08-23,2020-10-05,Normal,Anomaly,Normal,1.1986997155627794,NO,NO,UTTAR PRADESH,FAIZABAD
2020-08-23,2020-10-05,Normal,Anomaly,Normal,1.099560175929628,NO,NO,UTTAR PRADESH,LUCKNOW
2020-08-23,2020-10-05,Normal,Anomaly,Normal,1.150146382266834,NO,NO,WEST BENGAL,BISHNUPUR(BANKURA)
2020-08-30,2020-10-12,Normal,Anomaly,Anomaly,1.665556295802798,,,PUNJAB,SANGRUR
2020-08-30,2020-10-12,Normal,Anomaly,Anomaly,1.5900949010755827,NO,NO,PUNJAB,BARNALA
2020-09-06,2020-10-19,Normal,Anomaly,Normal,1.4992503748125936,NO,NO,PUNJAB,AJNALA
2020-09-06,2020-10-19,Normal,Anomaly,Normal,2.0435362061306086,NO,NO,NCT OF DELHI,AZADPUR
2020-09-13,2020-10-26,Normal,Anomaly,Normal,1.204335608189482,NO,NO,UTTAR PRADESH,LAKHIMPUR
2020-09-13,2020-10-26,Normal,Anomaly,Normal,1.245607184693479,NO,NO,UTTAR PRADESH,BASTI
2020-09-13,2020-10-26,Normal,Anomaly,Anomaly,1.5546918378678511,NO,NO,PUNJAB,ZIRA
2020-09-20,2020-11-02,Normal,Anomaly,Normal,1.2795236471831697,NO,NO,WEST BENGAL,KATWA
2020-09-20,2020-11-02,Normal,Anomaly,Normal,1.2068338785896038,NO,NO,WEST BENGAL,KALYANI
2020-09-20,2020-11-02,Normal,Anomaly,Normal,1.2348401323043,NO,NO,WEST BENGAL,SHEORAPHULY
2020-09-20,2020-11-02,Normal,Anomaly,Normal,1.2653764062884445,NO,NO,WEST BENGAL,ISLAMPUR
2020-09-20,2020-11-02,Normal,Anomaly,Normal,1.231437884824339,NO,NO,WEST BENGAL,ULUBERIA
2020-09-20,2020-11-02,Normal,Anomaly,Normal,1.3030201129855052,NO,NO,WEST BENGAL,DURGAPUR
2020-09-27,2020-11-09,Anomaly,Anomaly,Anomaly,1.3921113689214386,NO,NO,PUNJAB,MALERKOTLA
2020-10-11,2020-11-23,Normal,Anomaly,Normal,1.25186846038864,NO,NO,UTTAR PRADESH,FAIZABAD
2020-10-11,2020-11-23,Normal,Anomaly,Normal,1.2197358767424795,NO,NO,UTTAR PRADESH,LUCKNOW
2020-10-11,2020-11-23,Normal,Anomaly,Normal,1.2736023694927805,NO,NO,WEST BENGAL,BISHNUPUR(BANKURA)
2020-10-18,2020-11-30,Normal,Anomaly,Anomaly,1.665741254858412,,,PUNJAB,SANGRUR
2020-10-18,2020-11-30,Anomaly,Anomaly,Anomaly,1.4991671293725708,NO,NO,PUNJAB,BARNALA
2020-10-25,2020-12-07,Normal,Anomaly,Normal,1.234076433121019,NO,NO,NCT OF DELHI,AZADPUR
2020-10-25,2020-12-07,Normal,Anomaly,Normal,1.738374619730552,NO,NO,PUNJAB,AJNALA
2020-11-01,2020-12-14,Anomaly,Anomaly,Anomaly,2.6644462947543714,NO,NO,PUNJAB,ZIRA
2020-11-01,2020-12-14,Normal,Anomaly,Normal,1.7001629549158066,NO,NO,UTTAR PRADESH,LAKHIMPUR
2020-11-01,2020-12-14,Normal,Anomaly,Normal,1.6089712335446125,NO,NO,UTTAR PRADESH,BASTI
2020-11-08,2020-12-21,Normal,Anomaly,Normal,2.3200475907198097,NO,NO,WEST BENGAL,SHEORAPHULY
2020-11-08,2020-12-21,Normal,Anomaly,Normal,2.275132275132276,NO,NO,WEST BENGAL,ULUBERIA
2020-11-08,2020-12-21,Normal,Anomaly,Normal,2.210464432686655,NO,NO,WEST BENGAL,DURGAPUR
2020-11-08,2020-12-21,Normal,Anomaly,Normal,2.3279180590593063,NO,NO,WEST BENGAL,KALYANI
2020-11-08,2020-12-21,Normal,Anomaly,Normal,2.619851451758958,NO,NO,WEST BENGAL,KATWA
2020-11-08,2020-12-21,Normal,Anomaly,Normal,2.010167963524225,NO,NO,WEST BENGAL,ISLAMPUR
2020-11-15,2020-12-28,Anomaly,Normal,Anomaly,3.495630461922597,NO,YES,PUNJAB,MALERKOTLA
2020-11-29,2021-01-11,Anomaly,Normal,Normal,2.121043864519711,NO,NO,WEST BENGAL,BISHNUPUR(BANKURA)
2020-11-29,2021-01-11,Anomaly,Normal,Anomaly,3.745318352059925,NO,NO,UTTAR PRADESH,LUCKNOW
2020-11-29,2021-01-11,Anomaly,Normal,Anomaly,4.793608521970706,NO,YES,UTTAR PRADESH,FAIZABAD
2020-12-06,2021-01-18,Anomaly,Anomaly,Anomaly,2.2873711340206184,NO,YES,PUNJAB,BARNALA
2020-12-06,2021-01-18,Anomaly,Anomaly,Anomaly,2.282453637660485,,,PUNJAB,SANGRUR
2020-12-13,2021-01-25,Anomaly,Normal,Normal,3.2810271041369474,NO,YES,PUNJAB,AJNALA
2020-12-13,2021-01-25,Anomaly,Anomaly,Anomaly,1.6162310866574965,NO,YES,NCT OF DELHI,AZADPUR
2020-12-20,2021-02-01,Anomaly,Normal,Normal,1.854493580599144,NO,YES,UTTAR PRADESH,BASTI
2020-12-20,2021-02-01,Anomaly,Anomaly,Anomaly,3.566333808844508,NO,NO,PUNJAB,ZIRA
2020-12-20,2021-02-01,Anomaly,Anomaly,Normal,2.026431718061674,NO,YES,UTTAR PRADESH,LAKHIMPUR
2020-12-27,2021-02-08,Anomaly,Anomaly,Normal,2.425106990014265,NO,YES,WEST BENGAL,ISLAMPUR
2020-12-27,2021-02-08,Anomaly,Anomaly,Normal,3.749613839960328,NO,YES,WEST BENGAL,KATWA
2020-12-27,2021-02-08,Anomaly,Anomaly,Normal,3.9001560062402496,NO,YES,WEST BENGAL,ULUBERIA
2020-12-27,2021-02-08,Anomaly,Anomaly,Normal,3.3868092691622103,NO,YES,WEST BENGAL,DURGAPUR
2020-12-27,2021-02-08,Anomaly,Anomaly,Normal,3.227953410981697,NO,YES,WEST BENGAL,KALYANI
2020-12-27,2021-02-08,Anomaly,Anomaly,Normal,3.5726795096322244,NO,YES,WEST BENGAL,SHEORAPHULY
2021-01-03,2021-02-15,Anomaly,Anomaly,Normal,1.756007393715342,YES,NO,PUNJAB,MALERKOTLA
2021-01-17,2021-03-01,Anomaly,Anomaly,Normal,2.3032629558541267,YES,NO,WEST BENGAL,BISHNUPUR(BANKURA)
2021-01-17,2021-03-01,Anomaly,Anomaly,Normal,1.2479201331114809,YES,NO,UTTAR PRADESH,FAIZABAD
2021-01-17,2021-03-01,Anomaly,Anomaly,Normal,1.2479201331114809,YES,NO,UTTAR PRADESH,LUCKNOW
2021-01-24,2021-03-08,Normal,Anomaly,Normal,1.2704174228675136,,,PUNJAB,SANGRUR
2021-01-24,2021-03-08,Normal,Anomaly,Normal,1.3473053891716569,YES,NO,PUNJAB,BARNALA
2021-01-31,2021-03-15,Normal,Anomaly,Normal,1.4510276142525194,YES,NO,NCT OF DELHI,AZADPUR
2021-01-31,2021-03-15,Normal,Normal,Normal,1.7296718972561518,NO,YES,PUNJAB,AJNALA
2021-02-07,2021-03-22,Normal,Anomaly,Normal,1.3972055888223551,YES,NO,PUNJAB,ZIRA
2021-02-07,2021-03-22,Normal,Anomaly,Normal,1.1697574893009983,YES,NO,UTTAR PRADESH,BASTI
2021-02-07,2021-03-22,Normal,Anomaly,Normal,1.3134851138353765,YES,NO,UTTAR PRADESH,LAKHIMPUR
2021-02-14,2021-03-29,Normal,Anomaly,Normal,1.5834767641996557,YES,NO,WEST BENGAL,SHEORAPHULY
2021-02-14,2021-03-29,Normal,Anomaly,Normal,1.7970049916805324,YES,NO,WEST BENGAL,ULUBERIA
2021-02-14,2021-03-29,Normal,Normal,Normal,1.663893510815308,YES,NO,WEST BENGAL,KATWA
2021-02-14,2021-03-29,Normal,Anomaly,Normal,1.5619967793880838,YES,NO,WEST BENGAL,KALYANI
2021-02-14,2021-03-29,Normal,Anomaly,Normal,1.3311148086522462,NO,YES,WEST BENGAL,ISLAMPUR
2021-02-14,2021-03-29,Normal,Anomaly,Normal,1.3173652694610778,NO,YES,WEST BENGAL,DURGAPUR
2021-02-21,2021-04-05,Normal,Anomaly,Normal,1.6052060737527114,YES,NO,PUNJAB,MALERKOTLA
2021-03-07,2021-04-19,Normal,Normal,Normal,1.5806988352745424,YES,NO,UTTAR PRADESH,LUCKNOW
2021-03-14,2021-04-26,Normal,Anomaly,Anomaly,1.6209476309226931,NO,YES,PUNJAB,BARNALA
2021-03-14,2021-04-26,Normal,Anomaly,Normal,1.4334966430378913,,,PUNJAB,SANGRUR
2021-03-21,2021-05-03,Normal,Normal,Normal,1.7244555805885189,NO,YES,PUNJAB,AJNALA
2021-03-21,2021-05-03,Normal,Anomaly,Anomaly,2.599557522123894,NO,YES,NCT OF DELHI,AZADPUR
2021-03-28,2021-05-10,Normal,Anomaly,Normal,2.4363233664728683,YES,NO,PUNJAB,ZIRA
2021-03-28,2021-05-10,Normal,Anomaly,Normal,1.576666070224419,NO,NO,UTTAR PRADESH,LAKHIMPUR
2021-04-04,2021-05-17,Normal,Anomaly,Normal,1.480952757149638,NO,NO,WEST BENGAL,DURGAPUR
2021-04-04,2021-05-17,Normal,Anomaly,Normal,1.6256455862294217,YES,NO,WEST BENGAL,ISLAMPUR
2021-04-11,2021-05-24,Normal,Anomaly,Anomaly,1.3824884792626728,YES,NO,PUNJAB,MALERKOTLA
2021-04-11,2021-05-24,Normal,Anomaly,Normal,1.2635397907636137,NO,NO,WEST BENGAL,BISHNUPUR(BANKURA)
2021-04-25,2021-06-07,Normal,Anomaly,Normal,1.1156397576046917,NO,NO,UTTAR PRADESH,LUCKNOW
2021-05-02,2021-06-14,Anomaly,Anomaly,Anomaly,1.1631254957141692,YES,NO,PUNJAB,BARNALA
2021-05-02,2021-06-14,Normal,Anomaly,Normal,1.0722583947975213,NO,NO,UTTAR PRADESH,BASTI
2021-05-02,2021-06-14,Anomaly,Anomaly,Anomaly,1.1269038628985908,,,PUNJAB,SANGRUR
2021-05-09,2021-06-21,Anomaly,Anomaly,Normal,1.006874892346752,NO,NO,PUNJAB,AJNALA
2021-05-09,2021-06-21,Anomaly,Anomaly,Anomaly,1.1261292752912475,YES,NO,NCT OF DELHI,AZADPUR
2021-05-16,2021-06-28,Anomaly,Anomaly,Anomaly,1.0247177266808307,YES,NO,UTTAR PRADESH,LAKHIMPUR
2021-05-16,2021-06-28,Anomaly,Anomaly,Anomaly,1.135417699548234,YES,NO,PUNJAB,ZIRA
2021-05-23,2021-07-05,Normal,Anomaly,Normal,1.0623268976087894,NO,NO,WEST BENGAL,DURGAPUR
2021-05-23,2021-07-05,Normal,Anomaly,Normal,1.0785002464941786,NO,NO,WEST BENGAL,ISLAMPUR
2021-05-30,2021-07-12,Normal,Anomaly,Normal,1.0190262694583898,NO,NO,WEST BENGAL,BISHNUPUR(BANKURA)
2021-05-30,2021-07-12,Anomaly,Anomaly,Anomaly,1.0123468350321951,NO,NO,PUNJAB,MALERKOTLA
2021-05-30,2021-07-12,Normal,Anomaly,Normal,1.0115993867998414,NO,NO,UTTAR PRADESH,FAIZABAD
