DATE,STATENAME,MANDINAME,VOLATILITY,SAMEMONTH,LASTMONTH,LASTYEAR
2016-01-01,UTTAR PRADESH,CHHIBRAMAU(KANNUJ),0.0437720752764354,Anomaly,Normal,Normal
2016-01-01,UTTAR PRADESH,FATEHPUR,0.0437720752880968,Anomaly,Normal,Normal
2016-01-01,UTTAR PRADESH,KAYAMGANJ,0.0245235340743358,Normal,Normal,Normal
2016-01-01,UTTAR PRADESH,PRATAPGARH,0.0437720752764354,Anomaly,Normal,Normal
2016-01-01,UTTAR PRADESH,RAATH,0.0437720752880968,Anomaly,Normal,Normal
2016-01-01,UTTAR PRADESH,SAFDARGANJ,0.009023942629006,Normal,Normal,Normal
2016-01-01,WEST BENGAL,DURGAPUR,0.0338417858054806,Normal,Normal,Normal
2016-01-01,WEST BENGAL,KASIPUR,0.0338417858054806,Normal,Normal,Normal
2016-01-01,WEST BENGAL,KATWA,0.0338417858054806,Normal,Normal,Normal
2016-02-01,UTTAR PRADESH,CHHIBRAMAU(KANNUJ),0.0184575335999306,Anomaly,Normal,Normal
2016-02-01,UTTAR PRADESH,FATEHPUR,0.0184575335999306,Anomaly,Normal,Normal
2016-02-01,UTTAR PRADESH,KAYAMGANJ,0.0299549368521372,Anomaly,Normal,Normal
2016-02-01,UTTAR PRADESH,PRATAPGARH,0.0184575335999306,Anomaly,Normal,Normal
2016-02-01,UTTAR PRADESH,RAATH,0.0184575335999306,Anomaly,Normal,Normal
2016-02-01,UTTAR PRADESH,SAFDARGANJ,0.0,Normal,Normal,Normal
2016-02-01,WEST BENGAL,DURGAPUR,0.0143183312657792,Normal,Normal,Normal
2016-02-01,WEST BENGAL,KASIPUR,0.0143183312657792,Normal,Normal,Normal
2016-02-01,WEST BENGAL,KATWA,0.0143183312657792,Normal,Normal,Normal
2016-03-01,UTTAR PRADESH,CHHIBRAMAU(KANNUJ),0.0526972086783125,Anomaly,Anomaly,Normal
2016-03-01,UTTAR PRADESH,FATEHPUR,0.0526972086783125,Anomaly,Anomaly,Normal
2016-03-01,UTTAR PRADESH,KAYAMGANJ,0.0183499383965029,Normal,Anomaly,Normal
2016-03-01,UTTAR PRADESH,PRATAPGARH,0.0526972086783125,Anomaly,Anomaly,Normal
2016-03-01,UTTAR PRADESH,RAATH,0.0526972086783125,Anomaly,Anomaly,Normal
2016-03-01,UTTAR PRADESH,SAFDARGANJ,0.008539515893911,Normal,Normal,Normal
2016-03-01,WEST BENGAL,DURGAPUR,0.0119286012042464,Normal,Normal,Normal
2016-03-01,WEST BENGAL,KASIPUR,0.0119286012042464,Normal,Normal,Normal
2016-03-01,WEST BENGAL,KATWA,0.0119286012042464,Normal,Normal,Normal
2016-04-01,UTTAR PRADESH,CHHIBRAMAU(KANNUJ),0.0264215136768244,Anomaly,Normal,Normal
2016-04-01,UTTAR PRADESH,FATEHPUR,0.0264215136768244,Anomaly,Normal,Normal
2016-04-01,UTTAR PRADESH,KAYAMGANJ,0.0301832598734276,Anomaly,Normal,Normal
2016-04-01,UTTAR PRADESH,PRATAPGARH,0.0264215136768244,Anomaly,Normal,Normal
2016-04-01,UTTAR PRADESH,RAATH,0.0264215136768244,Anomaly,Normal,Normal
2016-04-01,UTTAR PRADESH,SAFDARGANJ,0.0,Normal,Normal,Normal
2016-04-01,WEST BENGAL,DURGAPUR,0.0,Normal,Normal,Normal
2016-04-01,WEST BENGAL,KASIPUR,0.0,Normal,Normal,Normal
2016-04-01,WEST BENGAL,KATWA,0.0,Normal,Normal,Normal
2016-05-01,UTTAR PRADESH,CHHIBRAMAU(KANNUJ),0.0094368887505593,Normal,Normal,Normal
2016-05-01,UTTAR PRADESH,FATEHPUR,0.0094368887505593,Normal,Normal,Normal
2016-05-01,UTTAR PRADESH,KAYAMGANJ,0.0,Normal,Normal,Normal
2016-05-01,UTTAR PRADESH,PRATAPGARH,0.0094368887505593,Normal,Normal,Normal
2016-05-01,UTTAR PRADESH,RAATH,0.0094368887505593,Normal,Normal,Normal
2016-05-01,UTTAR PRADESH,SAFDARGANJ,0.0,Normal,Normal,Normal
2016-05-01,WEST BENGAL,DURGAPUR,0.0183661501328509,Normal,Normal,Normal
2016-05-01,WEST BENGAL,KASIPUR,0.0183661501328509,Normal,Normal,Normal
2016-05-01,WEST BENGAL,KATWA,0.0183661501328509,Normal,Normal,Normal
2016-06-01,UTTAR PRADESH,CHHIBRAMAU(KANNUJ),0.0091439492070979,Normal,Normal,Normal
2016-06-01,UTTAR PRADESH,FATEHPUR,0.0091439492070979,Normal,Normal,Normal
2016-06-01,UTTAR PRADESH,KAYAMGANJ,0.0,Normal,Normal,Normal
2016-06-01,UTTAR PRADESH,PRATAPGARH,0.0091439492070979,Normal,Normal,Normal
2016-06-01,UTTAR PRADESH,RAATH,0.0091439492070979,Normal,Normal,Normal
2016-06-01,UTTAR PRADESH,SAFDARGANJ,0.0,Normal,Normal,Normal
2016-06-01,WEST BENGAL,DURGAPUR,0.0131257717444203,Normal,Normal,Normal
2016-06-01,WEST BENGAL,KASIPUR,0.0131257717444203,Normal,Normal,Normal
2016-06-01,WEST BENGAL,KATWA,0.0131257717444203,Normal,Normal,Normal
2016-07-01,UTTAR PRADESH,CHHIBRAMAU(KANNUJ),0.0301768895290105,Anomaly,Anomaly,Normal
2016-07-01,UTTAR PRADESH,FATEHPUR,0.0301768895290105,Anomaly,Anomaly,Normal
2016-07-01,UTTAR PRADESH,KAYAMGANJ,0.0282042309099572,Anomaly,Anomaly,Normal
2016-07-01,UTTAR PRADESH,PRATAPGARH,0.0301768895290105,Anomaly,Anomaly,Normal
2016-07-01,UTTAR PRADESH,RAATH,0.0301768895290105,Anomaly,Anomaly,Normal
2016-07-01,UTTAR PRADESH,SAFDARGANJ,0.0,Normal,Normal,Normal
2016-07-01,WEST BENGAL,DURGAPUR,0.0,Normal,Normal,Normal
2016-07-01,WEST BENGAL,KASIPUR,0.0,Normal,Normal,Normal
2016-07-01,WEST BENGAL,KATWA,0.0,Normal,Normal,Normal
2016-08-01,UTTAR PRADESH,CHHIBRAMAU(KANNUJ),0.0,Normal,Normal,Normal
2016-08-01,UTTAR PRADESH,FATEHPUR,0.0,Normal,Normal,Normal
2016-08-01,UTTAR PRADESH,KAYAMGANJ,0.0031603296333384,Normal,Normal,Normal
2016-08-01,UTTAR PRADESH,PRATAPGARH,0.0,Normal,Normal,Normal
2016-08-01,UTTAR PRADESH,RAATH,0.0,Normal,Normal,Normal
2016-08-01,UTTAR PRADESH,SAFDARGANJ,0.0083543680170927,Normal,Normal,Normal
2016-08-01,WEST BENGAL,DURGAPUR,0.0260522760574992,Normal,Normal,Normal
2016-08-01,WEST BENGAL,KASIPUR,0.0260522760574992,Normal,Normal,Normal
2016-08-01,WEST BENGAL,KATWA,0.0260522760574992,Normal,Normal,Normal
2016-09-01,UTTAR PRADESH,CHHIBRAMAU(KANNUJ),0.0,Normal,Normal,Normal
2016-09-01,UTTAR PRADESH,FATEHPUR,0.0,Normal,Normal,Normal
2016-09-01,UTTAR PRADESH,KAYAMGANJ,0.0,Normal,Normal,Normal
2016-09-01,UTTAR PRADESH,PRATAPGARH,0.0,Normal,Normal,Normal
2016-09-01,UTTAR PRADESH,RAATH,0.0,Normal,Normal,Normal
2016-09-01,UTTAR PRADESH,SAFDARGANJ,0.0,Normal,Normal,Normal
2016-09-01,WEST BENGAL,DURGAPUR,0.0091630203192001,Normal,Normal,Normal
2016-09-01,WEST BENGAL,KASIPUR,0.0091630203192001,Normal,Normal,Normal
2016-09-01,WEST BENGAL,KATWA,0.0091630203192001,Normal,Normal,Normal
2016-10-01,UTTAR PRADESH,CHHIBRAMAU(KANNUJ),0.0,Normal,Normal,Normal
2016-10-01,UTTAR PRADESH,FATEHPUR,0.0,Normal,Normal,Normal
2016-10-01,UTTAR PRADESH,KAYAMGANJ,0.0,Normal,Normal,Normal
2016-10-01,UTTAR PRADESH,PRATAPGARH,0.0,Normal,Normal,Normal
2016-10-01,UTTAR PRADESH,RAATH,0.0,Normal,Normal,Normal
2016-10-01,UTTAR PRADESH,SAFDARGANJ,0.0,Normal,Normal,Normal
2016-10-01,WEST BENGAL,DURGAPUR,0.0076204368268366,Normal,Normal,Normal
2016-10-01,WEST BENGAL,KASIPUR,0.0076204368268366,Normal,Normal,Normal
2016-10-01,WEST BENGAL,KATWA,0.0076204368268366,Normal,Normal,Normal
2016-11-01,UTTAR PRADESH,CHHIBRAMAU(KANNUJ),0.0,Normal,Normal,Normal
2016-11-01,UTTAR PRADESH,FATEHPUR,0.0,Normal,Normal,Normal
2016-11-01,UTTAR PRADESH,KAYAMGANJ,0.0091526818925732,Normal,Anomaly,Normal
2016-11-01,UTTAR PRADESH,PRATAPGARH,0.0,Normal,Normal,Normal
2016-11-01,UTTAR PRADESH,RAATH,0.0,Normal,Normal,Normal
2016-11-01,UTTAR PRADESH,SAFDARGANJ,0.0,Normal,Normal,Normal
2016-11-01,WEST BENGAL,DURGAPUR,0.0091481297488868,Normal,Anomaly,Normal
2016-11-01,WEST BENGAL,KASIPUR,0.0091481297488868,Normal,Anomaly,Normal
2016-11-01,WEST BENGAL,KATWA,0.0091481297488868,Normal,Anomaly,Normal
2016-12-01,UTTAR PRADESH,CHHIBRAMAU(KANNUJ),0.0,Normal,Normal,Normal
2016-12-01,UTTAR PRADESH,FATEHPUR,0.0,Normal,Normal,Normal
2016-12-01,UTTAR PRADESH,KAYAMGANJ,0.0075001918308127,Anomaly,Normal,Normal
2016-12-01,UTTAR PRADESH,PRATAPGARH,0.0,Normal,Normal,Normal
2016-12-01,UTTAR PRADESH,RAATH,0.0,Normal,Normal,Normal
2016-12-01,UTTAR PRADESH,SAFDARGANJ,0.0,Normal,Normal,Normal
2016-12-01,WEST BENGAL,DURGAPUR,0.0,Normal,Normal,Normal
2016-12-01,WEST BENGAL,KASIPUR,0.0,Normal,Normal,Normal
2016-12-01,WEST BENGAL,KATWA,0.0,Normal,Normal,Normal
2017-01-01,UTTAR PRADESH,CHHIBRAMAU(KANNUJ),0.0,Normal,Normal,Normal
2017-01-01,UTTAR PRADESH,FATEHPUR,0.0,Normal,Normal,Normal
2017-01-01,UTTAR PRADESH,KAYAMGANJ,0.0107523220717455,Normal,Anomaly,Normal
2017-01-01,UTTAR PRADESH,PRATAPGARH,0.0,Normal,Normal,Normal
2017-01-01,UTTAR PRADESH,RAATH,0.0,Normal,Normal,Normal
2017-01-01,UTTAR PRADESH,SAFDARGANJ,0.0,Normal,Normal,Normal
2017-01-01,WEST BENGAL,DURGAPUR,0.0161243269471021,Normal,Anomaly,Normal
2017-01-01,WEST BENGAL,KASIPUR,0.0161243269471021,Normal,Anomaly,Normal
2017-01-01,WEST BENGAL,KATWA,0.0161243269471021,Normal,Anomaly,Normal
2017-02-01,UTTAR PRADESH,CHHIBRAMAU(KANNUJ),0.0,Normal,Normal,Normal
2017-02-01,UTTAR PRADESH,FATEHPUR,0.0,Normal,Normal,Normal
2017-02-01,UTTAR PRADESH,KAYAMGANJ,0.0238247636517604,Anomaly,Anomaly,Normal
2017-02-01,UTTAR PRADESH,PRATAPGARH,0.0,Normal,Normal,Normal
2017-02-01,UTTAR PRADESH,RAATH,0.0,Normal,Normal,Normal
2017-02-01,UTTAR PRADESH,SAFDARGANJ,0.0172380924797687,Anomaly,Normal,Normal
2017-02-01,WEST BENGAL,DURGAPUR,0.0,Normal,Normal,Normal
2017-02-01,WEST BENGAL,KASIPUR,0.0,Normal,Normal,Normal
2017-02-01,WEST BENGAL,KATWA,0.0,Normal,Normal,Normal
2017-03-01,UTTAR PRADESH,CHHIBRAMAU(KANNUJ),0.0365776316551826,Anomaly,Anomaly,Anomaly
2017-03-01,UTTAR PRADESH,FATEHPUR,0.0365776316551826,Anomaly,Anomaly,Anomaly
2017-03-01,UTTAR PRADESH,KAYAMGANJ,0.0112798471524638,Normal,Anomaly,Normal
2017-03-01,UTTAR PRADESH,PRATAPGARH,0.0365776316551826,Anomaly,Anomaly,Anomaly
2017-03-01,UTTAR PRADESH,RAATH,0.0365776316551826,Anomaly,Anomaly,Anomaly
2017-03-01,UTTAR PRADESH,SAFDARGANJ,0.0131180753233692,Normal,Anomaly,Normal
2017-03-01,WEST BENGAL,DURGAPUR,0.0302854842025021,Normal,Anomaly,Anomaly
2017-03-01,WEST BENGAL,KASIPUR,0.0302854842025021,Normal,Anomaly,Anomaly
2017-03-01,WEST BENGAL,KATWA,0.0302854842025021,Normal,Anomaly,Anomaly
2017-04-01,UTTAR PRADESH,CHHIBRAMAU(KANNUJ),0.0,Normal,Normal,Normal
2017-04-01,UTTAR PRADESH,FATEHPUR,0.0,Normal,Normal,Normal
2017-04-01,UTTAR PRADESH,KAYAMGANJ,0.0124651343691771,Normal,Normal,Normal
2017-04-01,UTTAR PRADESH,PRATAPGARH,0.0,Normal,Normal,Normal
2017-04-01,UTTAR PRADESH,RAATH,0.0,Normal,Normal,Normal
2017-04-01,UTTAR PRADESH,SAFDARGANJ,0.0,Normal,Normal,Normal
2017-04-01,WEST BENGAL,DURGAPUR,0.0165819121242004,Normal,Normal,Normal
2017-04-01,WEST BENGAL,KASIPUR,0.0165819121242004,Normal,Normal,Normal
2017-04-01,WEST BENGAL,KATWA,0.0165819121242004,Normal,Normal,Normal
2017-05-01,UTTAR PRADESH,CHHIBRAMAU(KANNUJ),0.0125269614588283,Anomaly,Normal,Normal
2017-05-01,UTTAR PRADESH,FATEHPUR,0.0125269614588283,Anomaly,Normal,Normal
2017-05-01,UTTAR PRADESH,KAYAMGANJ,0.0,Normal,Normal,Normal
2017-05-01,UTTAR PRADESH,PRATAPGARH,0.0125269614588283,Anomaly,Normal,Normal
2017-05-01,UTTAR PRADESH,RAATH,0.0125269614588283,Anomaly,Normal,Normal
2017-05-01,UTTAR PRADESH,SAFDARGANJ,0.0,Normal,Normal,Normal
2017-05-01,WEST BENGAL,DURGAPUR,0.0085390377664293,Normal,Normal,Normal
2017-05-01,WEST BENGAL,KASIPUR,0.0085390377664293,Normal,Normal,Normal
2017-05-01,WEST BENGAL,KATWA,0.0085390377664293,Normal,Normal,Normal
2017-06-01,UTTAR PRADESH,CHHIBRAMAU(KANNUJ),0.0,Normal,Normal,Normal
2017-06-01,UTTAR PRADESH,FATEHPUR,0.0,Normal,Normal,Normal
2017-06-01,UTTAR PRADESH,KAYAMGANJ,0.0,Normal,Normal,Normal
2017-06-01,UTTAR PRADESH,PRATAPGARH,0.0,Normal,Normal,Normal
2017-06-01,UTTAR PRADESH,RAATH,0.0,Normal,Normal,Normal
2017-06-01,UTTAR PRADESH,SAFDARGANJ,0.0,Normal,Normal,Normal
2017-06-01,WEST BENGAL,DURGAPUR,0.0095706693983449,Normal,Normal,Normal
2017-06-01,WEST BENGAL,KASIPUR,0.0095706693983449,Normal,Normal,Normal
2017-06-01,WEST BENGAL,KATWA,0.0095706693983449,Normal,Normal,Normal
2017-07-01,UTTAR PRADESH,CHHIBRAMAU(KANNUJ),0.0095197395358464,Anomaly,Normal,Normal
2017-07-01,UTTAR PRADESH,FATEHPUR,0.0095197395358464,Anomaly,Normal,Normal
2017-07-01,UTTAR PRADESH,KAYAMGANJ,0.0,Normal,Normal,Normal
2017-07-01,UTTAR PRADESH,PRATAPGARH,0.0095197395358464,Anomaly,Normal,Normal
2017-07-01,UTTAR PRADESH,RAATH,0.0095197395358464,Anomaly,Normal,Normal
2017-07-01,UTTAR PRADESH,SAFDARGANJ,0.0,Normal,Normal,Normal
2017-07-01,WEST BENGAL,DURGAPUR,0.0069183177314277,Normal,Normal,Normal
2017-07-01,WEST BENGAL,KASIPUR,0.0069183177314277,Normal,Normal,Normal
2017-07-01,WEST BENGAL,KATWA,0.0069183177314277,Normal,Normal,Normal
2017-08-01,UTTAR PRADESH,CHHIBRAMAU(KANNUJ),0.0,Normal,Normal,Normal
2017-08-01,UTTAR PRADESH,FATEHPUR,0.0,Normal,Normal,Normal
2017-08-01,UTTAR PRADESH,KAYAMGANJ,0.0106435473256835,Normal,Anomaly,Normal
2017-08-01,UTTAR PRADESH,PRATAPGARH,0.0,Normal,Normal,Normal
2017-08-01,UTTAR PRADESH,RAATH,0.0,Normal,Normal,Normal
2017-08-01,UTTAR PRADESH,SAFDARGANJ,0.0,Normal,Normal,Normal
2017-08-01,WEST BENGAL,DURGAPUR,0.0146210688280373,Normal,Anomaly,Normal
2017-08-01,WEST BENGAL,KASIPUR,0.0146210688280373,Normal,Anomaly,Normal
2017-08-01,WEST BENGAL,KATWA,0.0146210688280373,Normal,Anomaly,Normal
2017-09-01,UTTAR PRADESH,CHHIBRAMAU(KANNUJ),0.0022345376790081,Normal,Normal,Normal
2017-09-01,UTTAR PRADESH,FATEHPUR,0.0022345377079394,Normal,Normal,Normal
2017-09-01,UTTAR PRADESH,KAYAMGANJ,0.0182087175863011,Anomaly,Anomaly,Normal
2017-09-01,UTTAR PRADESH,PRATAPGARH,0.0022345376790081,Normal,Normal,Normal
2017-09-01,UTTAR PRADESH,RAATH,0.0022345377079394,Normal,Normal,Normal
2017-09-01,UTTAR PRADESH,SAFDARGANJ,0.0274520293152353,Anomaly,Anomaly,Normal
2017-09-01,WEST BENGAL,DURGAPUR,0.0056759450503661,Normal,Normal,Normal
2017-09-01,WEST BENGAL,KASIPUR,0.0056759450503661,Normal,Normal,Normal
2017-09-01,WEST BENGAL,KATWA,0.0056759450503661,Normal,Normal,Normal
2017-10-01,UTTAR PRADESH,CHHIBRAMAU(KANNUJ),0.0183380005309616,Anomaly,Anomaly,Anomaly
2017-10-01,UTTAR PRADESH,FATEHPUR,0.0183380005509901,Anomaly,Anomaly,Anomaly
2017-10-01,UTTAR PRADESH,KAYAMGANJ,0.0,Normal,Normal,Normal
2017-10-01,UTTAR PRADESH,PRATAPGARH,0.0183380005309616,Anomaly,Anomaly,Anomaly
2017-10-01,UTTAR PRADESH,RAATH,0.0183380005509901,Anomaly,Anomaly,Anomaly
2017-10-01,UTTAR PRADESH,SAFDARGANJ,0.0058429617424241,Normal,Normal,Normal
2017-10-01,WEST BENGAL,DURGAPUR,0.0076741186061865,Normal,Anomaly,Normal
2017-10-01,WEST BENGAL,KASIPUR,0.0076741186061865,Normal,Anomaly,Normal
2017-10-01,WEST BENGAL,KATWA,0.0076741186061865,Normal,Anomaly,Normal
2017-11-01,UTTAR PRADESH,CHHIBRAMAU(KANNUJ),0.0032555644589518,Normal,Normal,Normal
2017-11-01,UTTAR PRADESH,FATEHPUR,0.0032555644472972,Normal,Normal,Normal
2017-11-01,UTTAR PRADESH,KAYAMGANJ,0.0036806824683879,Normal,Normal,Normal
2017-11-01,UTTAR PRADESH,PRATAPGARH,0.0032555644589518,Normal,Normal,Normal
2017-11-01,UTTAR PRADESH,RAATH,0.0032555644472972,Normal,Normal,Normal
2017-11-01,UTTAR PRADESH,SAFDARGANJ,0.03803588643476,Anomaly,Anomaly,Anomaly
2017-11-01,WEST BENGAL,DURGAPUR,0.0102736894488001,Normal,Normal,Anomaly
2017-11-01,WEST BENGAL,KASIPUR,0.0102736894488001,Normal,Normal,Anomaly
2017-11-01,WEST BENGAL,KATWA,0.0102736894488001,Normal,Normal,Anomaly
2017-12-01,UTTAR PRADESH,CHHIBRAMAU(KANNUJ),0.0030883091670751,Normal,Normal,Normal
2017-12-01,UTTAR PRADESH,FATEHPUR,0.0030883091670751,Normal,Normal,Normal
2017-12-01,UTTAR PRADESH,KAYAMGANJ,0.0117573857399309,Anomaly,Anomaly,Anomaly
2017-12-01,UTTAR PRADESH,PRATAPGARH,0.0030883091670751,Normal,Normal,Normal
2017-12-01,UTTAR PRADESH,RAATH,0.0030883091670751,Normal,Normal,Normal
2017-12-01,UTTAR PRADESH,SAFDARGANJ,0.0,Normal,Normal,Normal
2017-12-01,WEST BENGAL,DURGAPUR,0.0093767790341541,Normal,Normal,Normal
2017-12-01,WEST BENGAL,KASIPUR,0.0093767790341541,Normal,Normal,Normal
2017-12-01,WEST BENGAL,KATWA,0.0093767790341541,Normal,Normal,Normal
2018-01-01,UTTAR PRADESH,CHHIBRAMAU(KANNUJ),0.0046471233387754,Anomaly,Normal,Anomaly
2018-01-01,UTTAR PRADESH,FATEHPUR,0.0046471233387754,Anomaly,Normal,Anomaly
2018-01-01,UTTAR PRADESH,KAYAMGANJ,0.0088984622776504,Anomaly,Normal,Anomaly
2018-01-01,UTTAR PRADESH,PRATAPGARH,0.0046471233387754,Anomaly,Normal,Anomaly
2018-01-01,UTTAR PRADESH,RAATH,0.0046471233387754,Anomaly,Normal,Anomaly
2018-01-01,UTTAR PRADESH,SAFDARGANJ,0.0,Normal,Normal,Normal
2018-01-01,WEST BENGAL,DURGAPUR,0.0035897900469568,Normal,Normal,Anomaly
2018-01-01,WEST BENGAL,KASIPUR,0.0035897900469568,Normal,Normal,Anomaly
2018-01-01,WEST BENGAL,KATWA,0.0035897900469568,Normal,Normal,Anomaly
2018-02-01,UTTAR PRADESH,CHHIBRAMAU(KANNUJ),0.0039616080965687,Anomaly,Normal,Normal
2018-02-01,UTTAR PRADESH,FATEHPUR,0.0039616080965687,Anomaly,Normal,Normal
2018-02-01,UTTAR PRADESH,KAYAMGANJ,0.0,Normal,Normal,Normal
2018-02-01,UTTAR PRADESH,PRATAPGARH,0.0039616080965687,Anomaly,Normal,Normal
2018-02-01,UTTAR PRADESH,RAATH,0.0039616080965687,Anomaly,Normal,Normal
2018-02-01,UTTAR PRADESH,SAFDARGANJ,0.0209689623609542,Anomaly,Anomaly,Normal
2018-02-01,WEST BENGAL,DURGAPUR,0.003153082244148,Normal,Normal,Normal
2018-02-01,WEST BENGAL,KASIPUR,0.003153082244148,Normal,Normal,Normal
2018-02-01,WEST BENGAL,KATWA,0.003153082244148,Normal,Normal,Normal
2018-03-01,UTTAR PRADESH,CHHIBRAMAU(KANNUJ),0.0020004302288341,Normal,Normal,Normal
2018-03-01,UTTAR PRADESH,FATEHPUR,0.0020004302000031,Normal,Normal,Normal
2018-03-01,UTTAR PRADESH,KAYAMGANJ,0.0057658038893045,Normal,Anomaly,Normal
2018-03-01,UTTAR PRADESH,PRATAPGARH,0.0020004302288341,Normal,Normal,Normal
2018-03-01,UTTAR PRADESH,RAATH,0.0020004302000031,Normal,Normal,Normal
2018-03-01,UTTAR PRADESH,SAFDARGANJ,0.0239828675635938,Anomaly,Anomaly,Anomaly
2018-03-01,WEST BENGAL,DURGAPUR,0.0103547298766954,Normal,Anomaly,Anomaly
2018-03-01,WEST BENGAL,KASIPUR,0.0103547298766954,Normal,Anomaly,Anomaly
2018-03-01,WEST BENGAL,KATWA,0.0103547298766954,Normal,Anomaly,Anomaly
2018-04-01,UTTAR PRADESH,CHHIBRAMAU(KANNUJ),0.0048106685767764,Anomaly,Normal,Normal
2018-04-01,UTTAR PRADESH,FATEHPUR,0.0048106685767764,Anomaly,Normal,Normal
2018-04-01,UTTAR PRADESH,KAYAMGANJ,0.0060311958475516,Anomaly,Normal,Normal
2018-04-01,UTTAR PRADESH,PRATAPGARH,0.0048106685767764,Anomaly,Normal,Normal
2018-04-01,UTTAR PRADESH,RAATH,0.0048106685767764,Anomaly,Normal,Normal
2018-04-01,UTTAR PRADESH,SAFDARGANJ,0.023875475479606,Anomaly,Anomaly,Normal
2018-04-01,WEST BENGAL,DURGAPUR,0.004509790559246,Normal,Normal,Normal
2018-04-01,WEST BENGAL,KASIPUR,0.004509790559246,Normal,Normal,Normal
2018-04-01,WEST BENGAL,KATWA,0.004509790559246,Normal,Normal,Normal
2018-05-01,UTTAR PRADESH,CHHIBRAMAU(KANNUJ),0.0,Normal,Normal,Normal
2018-05-01,UTTAR PRADESH,FATEHPUR,0.0,Normal,Normal,Normal
2018-05-01,UTTAR PRADESH,KAYAMGANJ,0.0,Normal,Normal,Normal
2018-05-01,UTTAR PRADESH,PRATAPGARH,0.0,Normal,Normal,Normal
2018-05-01,UTTAR PRADESH,RAATH,0.0,Normal,Normal,Normal
2018-05-01,UTTAR PRADESH,SAFDARGANJ,0.0169847150734695,Anomaly,Anomaly,Normal
2018-05-01,WEST BENGAL,DURGAPUR,0.0104271290574221,Normal,Anomaly,Normal
2018-05-01,WEST BENGAL,KASIPUR,0.0104271290574221,Normal,Anomaly,Normal
2018-05-01,WEST BENGAL,KATWA,0.0104271290574221,Normal,Anomaly,Normal
2018-06-01,UTTAR PRADESH,CHHIBRAMAU(KANNUJ),0.0259351766549089,Anomaly,Anomaly,Anomaly
2018-06-01,UTTAR PRADESH,FATEHPUR,0.0259351766549089,Anomaly,Anomaly,Anomaly
2018-06-01,UTTAR PRADESH,KAYAMGANJ,0.0,Normal,Normal,Normal
2018-06-01,UTTAR PRADESH,PRATAPGARH,0.0259351766549089,Anomaly,Anomaly,Anomaly
2018-06-01,UTTAR PRADESH,RAATH,0.0259351766549089,Anomaly,Anomaly,Anomaly
2018-06-01,UTTAR PRADESH,SAFDARGANJ,0.0,Normal,Normal,Normal
2018-06-01,WEST BENGAL,DURGAPUR,0.0114929835006135,Normal,Anomaly,Normal
2018-06-01,WEST BENGAL,KASIPUR,0.0114929835006135,Normal,Anomaly,Normal
2018-06-01,WEST BENGAL,KATWA,0.0114929835006135,Normal,Anomaly,Normal
2018-07-01,UTTAR PRADESH,CHHIBRAMAU(KANNUJ),0.0,Normal,Normal,Normal
2018-07-01,UTTAR PRADESH,FATEHPUR,0.0,Normal,Normal,Normal
2018-07-01,UTTAR PRADESH,KAYAMGANJ,0.0266826326725835,Anomaly,Anomaly,Anomaly
2018-07-01,UTTAR PRADESH,PRATAPGARH,0.0,Normal,Normal,Normal
2018-07-01,UTTAR PRADESH,RAATH,0.0,Normal,Normal,Normal
2018-07-01,UTTAR PRADESH,SAFDARGANJ,0.0142695739232401,Anomaly,Normal,Anomaly
2018-07-01,WEST BENGAL,DURGAPUR,0.0121008520745572,Normal,Normal,Anomaly
2018-07-01,WEST BENGAL,KASIPUR,0.0121008520745572,Normal,Normal,Anomaly
2018-07-01,WEST BENGAL,KATWA,0.0121008520745572,Normal,Normal,Anomaly
2018-08-01,UTTAR PRADESH,CHHIBRAMAU(KANNUJ),0.0,Normal,Normal,Normal
2018-08-01,UTTAR PRADESH,FATEHPUR,0.0,Normal,Normal,Normal
2018-08-01,UTTAR PRADESH,KAYAMGANJ,0.0186652657051544,Anomaly,Anomaly,Anomaly
2018-08-01,UTTAR PRADESH,PRATAPGARH,0.0,Normal,Normal,Normal
2018-08-01,UTTAR PRADESH,RAATH,0.0,Normal,Normal,Normal
2018-08-01,UTTAR PRADESH,SAFDARGANJ,0.0,Normal,Normal,Normal
2018-08-01,WEST BENGAL,DURGAPUR,0.0062046572187006,Normal,Normal,Normal
2018-08-01,WEST BENGAL,KASIPUR,0.0062046572187006,Normal,Normal,Normal
2018-08-01,WEST BENGAL,KATWA,0.0062046572187006,Normal,Normal,Normal
2018-09-01,UTTAR PRADESH,CHHIBRAMAU(KANNUJ),0.0126634719580492,Anomaly,Anomaly,Normal
2018-09-01,UTTAR PRADESH,FATEHPUR,0.0126634719537575,Anomaly,Anomaly,Normal
2018-09-01,UTTAR PRADESH,KAYAMGANJ,0.0,Normal,Normal,Normal
2018-09-01,UTTAR PRADESH,PRATAPGARH,0.0126634719580492,Anomaly,Anomaly,Normal
2018-09-01,UTTAR PRADESH,RAATH,0.0126634719537575,Anomaly,Anomaly,Normal
2018-09-01,UTTAR PRADESH,SAFDARGANJ,0.00828535120972,Normal,Anomaly,Normal
2018-09-01,WEST BENGAL,DURGAPUR,0.0,Normal,Normal,Normal
2018-09-01,WEST BENGAL,KASIPUR,0.0,Normal,Normal,Normal
2018-09-01,WEST BENGAL,KATWA,0.0,Normal,Normal,Normal
2018-10-01,UTTAR PRADESH,CHHIBRAMAU(KANNUJ),0.0,Normal,Normal,Normal
2018-10-01,UTTAR PRADESH,FATEHPUR,0.0,Normal,Normal,Normal
2018-10-01,UTTAR PRADESH,KAYAMGANJ,0.0262864380133052,Anomaly,Anomaly,Anomaly
2018-10-01,UTTAR PRADESH,PRATAPGARH,0.0,Normal,Normal,Normal
2018-10-01,UTTAR PRADESH,RAATH,0.0,Normal,Normal,Normal
2018-10-01,UTTAR PRADESH,SAFDARGANJ,0.0045458967595748,Normal,Normal,Normal
2018-10-01,WEST BENGAL,DURGAPUR,0.0056808852189522,Normal,Normal,Normal
2018-10-01,WEST BENGAL,KASIPUR,0.0056808852189522,Normal,Normal,Normal
2018-10-01,WEST BENGAL,KATWA,0.0056808852189522,Normal,Normal,Normal
2018-11-01,UTTAR PRADESH,CHHIBRAMAU(KANNUJ),0.0,Normal,Normal,Normal
2018-11-01,UTTAR PRADESH,FATEHPUR,0.0,Normal,Normal,Normal
2018-11-01,UTTAR PRADESH,KAYAMGANJ,0.0,Normal,Normal,Normal
2018-11-01,UTTAR PRADESH,PRATAPGARH,0.0,Normal,Normal,Normal
2018-11-01,UTTAR PRADESH,RAATH,0.0,Normal,Normal,Normal
2018-11-01,UTTAR PRADESH,SAFDARGANJ,0.0016602684374209,Normal,Normal,Normal
2018-11-01,WEST BENGAL,DURGAPUR,0.0017549585309361,Normal,Normal,Normal
2018-11-01,WEST BENGAL,KASIPUR,0.0017549585309361,Normal,Normal,Normal
2018-11-01,WEST BENGAL,KATWA,0.0017549585309361,Normal,Normal,Normal
2018-12-01,UTTAR PRADESH,CHHIBRAMAU(KANNUJ),0.0,Normal,Normal,Normal
2018-12-01,UTTAR PRADESH,FATEHPUR,0.0,Normal,Normal,Normal
2018-12-01,UTTAR PRADESH,KAYAMGANJ,0.0046539700126684,Normal,Anomaly,Normal
2018-12-01,UTTAR PRADESH,PRATAPGARH,0.0,Normal,Normal,Normal
2018-12-01,UTTAR PRADESH,RAATH,0.0,Normal,Normal,Normal
2018-12-01,UTTAR PRADESH,SAFDARGANJ,0.0188685324417074,Anomaly,Anomaly,Anomaly
2018-12-01,WEST BENGAL,DURGAPUR,0.0104238411974687,Normal,Anomaly,Normal
2018-12-01,WEST BENGAL,KASIPUR,0.0104238411974687,Normal,Anomaly,Normal
2018-12-01,WEST BENGAL,KATWA,0.0104238411974687,Normal,Anomaly,Normal
2019-01-01,UTTAR PRADESH,CHHIBRAMAU(KANNUJ),0.0,Normal,Normal,Normal
2019-01-01,UTTAR PRADESH,FATEHPUR,0.0,Normal,Normal,Normal
2019-01-01,UTTAR PRADESH,KAYAMGANJ,0.0267276415662582,Anomaly,Anomaly,Anomaly
2019-01-01,UTTAR PRADESH,PRATAPGARH,0.0,Normal,Normal,Normal
2019-01-01,UTTAR PRADESH,RAATH,0.0,Normal,Normal,Normal
2019-01-01,UTTAR PRADESH,SAFDARGANJ,0.0211170775684272,Anomaly,Anomaly,Anomaly
2019-01-01,WEST BENGAL,DURGAPUR,0.0079155066082467,Normal,Normal,Anomaly
2019-01-01,WEST BENGAL,KASIPUR,0.0079155066082467,Normal,Normal,Anomaly
2019-01-01,WEST BENGAL,KATWA,0.0079155066082467,Normal,Normal,Anomaly
2019-02-01,UTTAR PRADESH,CHHIBRAMAU(KANNUJ),0.0,Normal,Normal,Normal
2019-02-01,UTTAR PRADESH,FATEHPUR,0.0,Normal,Normal,Normal
2019-02-01,UTTAR PRADESH,KAYAMGANJ,0.0,Normal,Normal,Normal
2019-02-01,UTTAR PRADESH,PRATAPGARH,0.0,Normal,Normal,Normal
2019-02-01,UTTAR PRADESH,RAATH,0.0,Normal,Normal,Normal
2019-02-01,UTTAR PRADESH,SAFDARGANJ,0.0,Normal,Normal,Normal
2019-02-01,WEST BENGAL,DURGAPUR,0.0067370417230076,Normal,Normal,Normal
2019-02-01,WEST BENGAL,KASIPUR,0.0067370417230076,Normal,Normal,Normal
2019-02-01,WEST BENGAL,KATWA,0.0067370417230076,Normal,Normal,Normal
2019-03-01,UTTAR PRADESH,CHHIBRAMAU(KANNUJ),0.0,Normal,Normal,Normal
2019-03-01,UTTAR PRADESH,FATEHPUR,0.0,Normal,Normal,Normal
2019-03-01,UTTAR PRADESH,KAYAMGANJ,0.0145563457869092,Normal,Anomaly,Anomaly
2019-03-01,UTTAR PRADESH,PRATAPGARH,0.0,Normal,Normal,Normal
2019-03-01,UTTAR PRADESH,RAATH,0.0,Normal,Normal,Normal
2019-03-01,UTTAR PRADESH,SAFDARGANJ,0.0021699915670862,Normal,Normal,Normal
2019-03-01,WEST BENGAL,DURGAPUR,0.0156356871549465,Normal,Anomaly,Anomaly
2019-03-01,WEST BENGAL,KASIPUR,0.0156356871549465,Normal,Anomaly,Anomaly
2019-03-01,WEST BENGAL,KATWA,0.0156356871549465,Normal,Anomaly,Anomaly
2019-04-01,UTTAR PRADESH,CHHIBRAMAU(KANNUJ),0.0,Normal,Normal,Normal
2019-04-01,UTTAR PRADESH,FATEHPUR,0.0,Normal,Normal,Normal
2019-04-01,UTTAR PRADESH,KAYAMGANJ,0.0181394329111593,Anomaly,Anomaly,Normal
2019-04-01,UTTAR PRADESH,PRATAPGARH,0.0,Normal,Normal,Normal
2019-04-01,UTTAR PRADESH,RAATH,0.0,Normal,Normal,Normal
2019-04-01,UTTAR PRADESH,SAFDARGANJ,0.0023042598128109,Normal,Normal,Normal
2019-04-01,WEST BENGAL,DURGAPUR,0.0050809372170052,Normal,Normal,Normal
2019-04-01,WEST BENGAL,KASIPUR,0.0050809372170052,Normal,Normal,Normal
2019-04-01,WEST BENGAL,KATWA,0.0050809372170052,Normal,Normal,Normal
2019-05-01,UTTAR PRADESH,CHHIBRAMAU(KANNUJ),0.0,Normal,Normal,Normal
2019-05-01,UTTAR PRADESH,FATEHPUR,0.0,Normal,Normal,Normal
2019-05-01,UTTAR PRADESH,KAYAMGANJ,0.0,Normal,Normal,Normal
2019-05-01,UTTAR PRADESH,PRATAPGARH,0.0,Normal,Normal,Normal
2019-05-01,UTTAR PRADESH,RAATH,0.0,Normal,Normal,Normal
2019-05-01,UTTAR PRADESH,SAFDARGANJ,0.0,Normal,Normal,Normal
2019-05-01,WEST BENGAL,DURGAPUR,0.0088681046159323,Normal,Anomaly,Normal
2019-05-01,WEST BENGAL,KASIPUR,0.0088681046159323,Normal,Anomaly,Normal
2019-05-01,WEST BENGAL,KATWA,0.0088681046159323,Normal,Anomaly,Normal
2019-06-01,UTTAR PRADESH,CHHIBRAMAU(KANNUJ),0.0,Normal,Normal,Normal
2019-06-01,UTTAR PRADESH,FATEHPUR,0.0,Normal,Normal,Normal
2019-06-01,UTTAR PRADESH,KAYAMGANJ,0.0060844393521232,Anomaly,Normal,Normal
2019-06-01,UTTAR PRADESH,PRATAPGARH,0.0,Normal,Normal,Normal
2019-06-01,UTTAR PRADESH,RAATH,0.0,Normal,Normal,Normal
2019-06-01,UTTAR PRADESH,SAFDARGANJ,0.0,Normal,Normal,Normal
2019-06-01,WEST BENGAL,DURGAPUR,0.0044858023115904,Normal,Normal,Normal
2019-06-01,WEST BENGAL,KASIPUR,0.0044858023115904,Normal,Normal,Normal
2019-06-01,WEST BENGAL,KATWA,0.0044858023115904,Normal,Normal,Normal
2019-07-01,UTTAR PRADESH,CHHIBRAMAU(KANNUJ),0.0,Normal,Normal,Normal
2019-07-01,UTTAR PRADESH,FATEHPUR,0.0,Normal,Normal,Normal
2019-07-01,UTTAR PRADESH,KAYAMGANJ,0.0095335377958993,Anomaly,Anomaly,Normal
2019-07-01,UTTAR PRADESH,PRATAPGARH,0.0,Normal,Normal,Normal
2019-07-01,UTTAR PRADESH,RAATH,0.0,Normal,Normal,Normal
2019-07-01,UTTAR PRADESH,SAFDARGANJ,0.0177098290807119,Anomaly,Anomaly,Anomaly
2019-07-01,WEST BENGAL,DURGAPUR,0.0047239963960712,Normal,Normal,Normal
2019-07-01,WEST BENGAL,KASIPUR,0.0047239963960712,Normal,Normal,Normal
2019-07-01,WEST BENGAL,KATWA,0.0047239963960712,Normal,Normal,Normal
2019-08-01,UTTAR PRADESH,CHHIBRAMAU(KANNUJ),0.0,Normal,Normal,Normal
2019-08-01,UTTAR PRADESH,FATEHPUR,0.0,Normal,Normal,Normal
2019-08-01,UTTAR PRADESH,KAYAMGANJ,0.0098232705160304,Anomaly,Anomaly,Normal
2019-08-01,UTTAR PRADESH,PRATAPGARH,0.0,Normal,Normal,Normal
2019-08-01,UTTAR PRADESH,RAATH,0.0,Normal,Normal,Normal
2019-08-01,UTTAR PRADESH,SAFDARGANJ,0.0,Normal,Normal,Normal
2019-08-01,WEST BENGAL,DURGAPUR,0.004932283767185,Normal,Normal,Normal
2019-08-01,WEST BENGAL,KASIPUR,0.004932283767185,Normal,Normal,Normal
2019-08-01,WEST BENGAL,KATWA,0.004932283767185,Normal,Normal,Normal
2019-09-01,UTTAR PRADESH,CHHIBRAMAU(KANNUJ),0.0207643294538964,Anomaly,Anomaly,Anomaly
2019-09-01,UTTAR PRADESH,FATEHPUR,0.0207643294414156,Anomaly,Anomaly,Anomaly
2019-09-01,UTTAR PRADESH,KAYAMGANJ,0.0,Normal,Normal,Normal
2019-09-01,UTTAR PRADESH,PRATAPGARH,0.0207643294538964,Anomaly,Anomaly,Anomaly
2019-09-01,UTTAR PRADESH,RAATH,0.0207643294414156,Anomaly,Anomaly,Anomaly
2019-09-01,UTTAR PRADESH,SAFDARGANJ,0.0,Normal,Normal,Normal
2019-09-01,WEST BENGAL,DURGAPUR,0.0033238847646439,Normal,Normal,Normal
2019-09-01,WEST BENGAL,KASIPUR,0.0033238847646439,Normal,Normal,Normal
2019-09-01,WEST BENGAL,KATWA,0.0033238847646439,Normal,Normal,Normal
2019-10-01,UTTAR PRADESH,CHHIBRAMAU(KANNUJ),0.0,Normal,Normal,Normal
2019-10-01,UTTAR PRADESH,FATEHPUR,0.0,Normal,Normal,Normal
2019-10-01,UTTAR PRADESH,KAYAMGANJ,0.0,Normal,Normal,Normal
2019-10-01,UTTAR PRADESH,PRATAPGARH,0.0,Normal,Normal,Normal
2019-10-01,UTTAR PRADESH,RAATH,0.0,Normal,Normal,Normal
2019-10-01,UTTAR PRADESH,SAFDARGANJ,0.0029834440557348,Normal,Normal,Normal
2019-10-01,WEST BENGAL,DURGAPUR,0.0070687583451769,Normal,Normal,Normal
2019-10-01,WEST BENGAL,KASIPUR,0.0070687583451769,Normal,Normal,Normal
2019-10-01,WEST BENGAL,KATWA,0.0070687583451769,Normal,Normal,Normal
2019-11-01,UTTAR PRADESH,CHHIBRAMAU(KANNUJ),0.0,Normal,Normal,Normal
2019-11-01,UTTAR PRADESH,FATEHPUR,0.0,Normal,Normal,Normal
2019-11-01,UTTAR PRADESH,KAYAMGANJ,0.0,Normal,Normal,Normal
2019-11-01,UTTAR PRADESH,PRATAPGARH,0.0,Normal,Normal,Normal
2019-11-01,UTTAR PRADESH,RAATH,0.0,Normal,Normal,Normal
2019-11-01,UTTAR PRADESH,SAFDARGANJ,0.0094485482842346,Anomaly,Anomaly,Normal
2019-11-01,WEST BENGAL,DURGAPUR,0.0047628804783316,Normal,Normal,Normal
2019-11-01,WEST BENGAL,KASIPUR,0.0047628804783316,Normal,Normal,Normal
2019-11-01,WEST BENGAL,KATWA,0.0047628804783316,Normal,Normal,Normal
2019-12-01,UTTAR PRADESH,CHHIBRAMAU(KANNUJ),0.0,Normal,Normal,Normal
2019-12-01,UTTAR PRADESH,FATEHPUR,0.0,Normal,Normal,Normal
2019-12-01,UTTAR PRADESH,KAYAMGANJ,0.0327274080166022,Anomaly,Anomaly,Anomaly
2019-12-01,UTTAR PRADESH,PRATAPGARH,0.0,Normal,Normal,Normal
2019-12-01,UTTAR PRADESH,RAATH,0.0,Normal,Normal,Normal
2019-12-01,UTTAR PRADESH,SAFDARGANJ,0.004103826972889,Normal,Normal,Normal
2019-12-01,WEST BENGAL,DURGAPUR,0.012359529048259,Normal,Anomaly,Anomaly
2019-12-01,WEST BENGAL,KASIPUR,0.012359529048259,Normal,Anomaly,Anomaly
2019-12-01,WEST BENGAL,KATWA,0.012359529048259,Normal,Anomaly,Anomaly
2020-01-01,UTTAR PRADESH,CHHIBRAMAU(KANNUJ),0.0,Normal,Normal,Normal
2020-01-01,UTTAR PRADESH,FATEHPUR,0.0,Normal,Normal,Normal
2020-01-01,UTTAR PRADESH,KAYAMGANJ,0.0327735759672123,Anomaly,Anomaly,Anomaly
2020-01-01,UTTAR PRADESH,PRATAPGARH,0.0,Normal,Normal,Normal
2020-01-01,UTTAR PRADESH,RAATH,0.0,Normal,Normal,Normal
2020-01-01,UTTAR PRADESH,SAFDARGANJ,0.0080967505039619,Normal,Normal,Anomaly
2020-01-01,WEST BENGAL,DURGAPUR,0.0157491980976448,Normal,Anomaly,Anomaly
2020-01-01,WEST BENGAL,KASIPUR,0.0157491980976448,Normal,Anomaly,Anomaly
2020-01-01,WEST BENGAL,KATWA,0.0157491980976448,Normal,Anomaly,Anomaly
2020-02-01,UTTAR PRADESH,CHHIBRAMAU(KANNUJ),0.0,Normal,Normal,Normal
2020-02-01,UTTAR PRADESH,FATEHPUR,0.0,Normal,Normal,Normal
2020-02-01,UTTAR PRADESH,KAYAMGANJ,0.0211930280183263,Normal,Anomaly,Anomaly
2020-02-01,UTTAR PRADESH,PRATAPGARH,0.0,Normal,Normal,Normal
2020-02-01,UTTAR PRADESH,RAATH,0.0,Normal,Normal,Normal
2020-02-01,UTTAR PRADESH,SAFDARGANJ,0.0074483428704153,Normal,Normal,Normal
2020-02-01,WEST BENGAL,DURGAPUR,0.0283943752284164,Normal,Anomaly,Anomaly
2020-02-01,WEST BENGAL,KASIPUR,0.0283943752284164,Normal,Anomaly,Anomaly
2020-02-01,WEST BENGAL,KATWA,0.0283943752284164,Normal,Anomaly,Anomaly
2020-03-01,UTTAR PRADESH,CHHIBRAMAU(KANNUJ),0.0,Normal,Normal,Normal
2020-03-01,UTTAR PRADESH,FATEHPUR,0.0,Normal,Normal,Normal
2020-03-01,UTTAR PRADESH,KAYAMGANJ,0.0200493664853855,Anomaly,Normal,Anomaly
2020-03-01,UTTAR PRADESH,PRATAPGARH,0.0,Normal,Normal,Normal
2020-03-01,UTTAR PRADESH,RAATH,0.0,Normal,Normal,Normal
2020-03-01,UTTAR PRADESH,SAFDARGANJ,0.0229460489200313,Anomaly,Normal,Anomaly
2020-03-01,WEST BENGAL,DURGAPUR,0.0168622729797791,Normal,Normal,Anomaly
2020-03-01,WEST BENGAL,KASIPUR,0.0168622729797791,Normal,Normal,Anomaly
2020-03-01,WEST BENGAL,KATWA,0.0168622729797791,Normal,Normal,Anomaly
2020-04-01,UTTAR PRADESH,CHHIBRAMAU(KANNUJ),0.0,Normal,Normal,Normal
2020-04-01,UTTAR PRADESH,FATEHPUR,0.0,Normal,Normal,Normal
2020-04-01,UTTAR PRADESH,KAYAMGANJ,0.0199481237783535,Normal,Anomaly,Normal
2020-04-01,UTTAR PRADESH,PRATAPGARH,0.0,Normal,Normal,Normal
2020-04-01,UTTAR PRADESH,RAATH,0.0,Normal,Normal,Normal
2020-04-01,UTTAR PRADESH,SAFDARGANJ,0.0160736939549513,Normal,Normal,Normal
2020-04-01,WEST BENGAL,DURGAPUR,0.0243674371150361,Normal,Anomaly,Normal
2020-04-01,WEST BENGAL,KASIPUR,0.0243674371150361,Normal,Anomaly,Normal
2020-04-01,WEST BENGAL,KATWA,0.0243674371150361,Normal,Anomaly,Normal
2020-05-01,UTTAR PRADESH,CHHIBRAMAU(KANNUJ),0.0,Normal,Normal,Normal
2020-05-01,UTTAR PRADESH,FATEHPUR,0.0,Normal,Normal,Normal
2020-05-01,UTTAR PRADESH,KAYAMGANJ,0.0,Normal,Normal,Normal
2020-05-01,UTTAR PRADESH,PRATAPGARH,0.0,Normal,Normal,Normal
2020-05-01,UTTAR PRADESH,RAATH,0.0,Normal,Normal,Normal
2020-05-01,UTTAR PRADESH,SAFDARGANJ,0.0163746159943986,Normal,Normal,Anomaly
2020-05-01,WEST BENGAL,DURGAPUR,0.0222717250764107,Normal,Normal,Anomaly
2020-05-01,WEST BENGAL,KASIPUR,0.0222717250764107,Normal,Normal,Anomaly
2020-05-01,WEST BENGAL,KATWA,0.0222717250764107,Normal,Normal,Anomaly
2020-06-01,UTTAR PRADESH,CHHIBRAMAU(KANNUJ),0.0,Normal,Normal,Normal
2020-06-01,UTTAR PRADESH,FATEHPUR,0.0,Normal,Normal,Normal
2020-06-01,UTTAR PRADESH,KAYAMGANJ,0.0156035223476608,Anomaly,Normal,Anomaly
2020-06-01,UTTAR PRADESH,PRATAPGARH,0.0,Normal,Normal,Normal
2020-06-01,UTTAR PRADESH,RAATH,0.0,Normal,Normal,Normal
2020-06-01,UTTAR PRADESH,SAFDARGANJ,0.0256129357314084,Anomaly,Anomaly,Anomaly
2020-06-01,WEST BENGAL,DURGAPUR,0.0102909236684919,Normal,Normal,Normal
2020-06-01,WEST BENGAL,KASIPUR,0.0102909236684919,Normal,Normal,Normal
2020-06-01,WEST BENGAL,KATWA,0.0102909236684919,Normal,Normal,Normal
2020-07-01,UTTAR PRADESH,CHHIBRAMAU(KANNUJ),0.0,Normal,Normal,Normal
2020-07-01,UTTAR PRADESH,FATEHPUR,0.0,Normal,Normal,Normal
2020-07-01,UTTAR PRADESH,KAYAMGANJ,0.0326975087853387,Anomaly,Anomaly,Anomaly
2020-07-01,UTTAR PRADESH,PRATAPGARH,0.0,Normal,Normal,Normal
2020-07-01,UTTAR PRADESH,RAATH,0.0,Normal,Normal,Normal
2020-07-01,UTTAR PRADESH,SAFDARGANJ,0.0203921209715719,Normal,Anomaly,Anomaly
2020-07-01,WEST BENGAL,DURGAPUR,0.0202957084939524,Normal,Anomaly,Anomaly
2020-07-01,WEST BENGAL,KASIPUR,0.0202957084939524,Normal,Anomaly,Anomaly
2020-07-01,WEST BENGAL,KATWA,0.0202957084939524,Normal,Anomaly,Anomaly
2020-08-01,UTTAR PRADESH,CHHIBRAMAU(KANNUJ),0.0419036652275528,Anomaly,Anomaly,Anomaly
2020-08-01,UTTAR PRADESH,FATEHPUR,,Normal,Normal,Normal
2020-08-01,UTTAR PRADESH,KAYAMGANJ,,Normal,Normal,Normal
2020-08-01,UTTAR PRADESH,PRATAPGARH,0.0419036652275528,Anomaly,Anomaly,Anomaly
2020-08-01,UTTAR PRADESH,RAATH,,Normal,Normal,Normal
2020-08-01,UTTAR PRADESH,SAFDARGANJ,,Normal,Normal,Normal
2020-08-01,WEST BENGAL,DURGAPUR,0.022096875295021,Normal,Normal,Anomaly
2020-08-01,WEST BENGAL,KASIPUR,0.022096875295021,Normal,Normal,Anomaly
2020-08-01,WEST BENGAL,KATWA,0.022096875295021,Normal,Normal,Anomaly
2020-09-01,UTTAR PRADESH,CHHIBRAMAU(KANNUJ),0.0,Normal,Normal,Normal
2020-09-01,UTTAR PRADESH,PRATAPGARH,0.0,Normal,Normal,Normal
2020-09-01,WEST BENGAL,DURGAPUR,0.0146569685440062,Normal,Normal,Anomaly
2020-09-01,WEST BENGAL,KASIPUR,0.0146569685440062,Normal,Normal,Anomaly
2020-09-01,WEST BENGAL,KATWA,0.0146569685440062,Normal,Normal,Anomaly
2020-10-01,UTTAR PRADESH,CHHIBRAMAU(KANNUJ),0.016929631597749,Anomaly,Anomaly,Anomaly
2020-10-01,UTTAR PRADESH,PRATAPGARH,0.016929631597749,Anomaly,Anomaly,Anomaly
2020-10-01,WEST BENGAL,DURGAPUR,0.0,Normal,Normal,Normal
2020-10-01,WEST BENGAL,KASIPUR,0.0,Normal,Normal,Normal
2020-10-01,WEST BENGAL,KATWA,0.0,Normal,Normal,Normal
2020-11-01,UTTAR PRADESH,CHHIBRAMAU(KANNUJ),0.0,Normal,Normal,Normal
2020-11-01,UTTAR PRADESH,PRATAPGARH,0.0,Normal,Normal,Normal
2020-11-01,WEST BENGAL,DURGAPUR,0.0255108959694141,Normal,Anomaly,Anomaly
2020-11-01,WEST BENGAL,KASIPUR,0.0255108959694141,Normal,Anomaly,Anomaly
2020-11-01,WEST BENGAL,KATWA,0.0255108959694141,Normal,Anomaly,Anomaly
2020-12-01,UTTAR PRADESH,CHHIBRAMAU(KANNUJ),0.0,Normal,Normal,Normal
2020-12-01,UTTAR PRADESH,PRATAPGARH,0.0,Normal,Normal,Normal
2020-12-01,WEST BENGAL,DURGAPUR,0.007003223112856,Normal,Normal,Anomaly
2020-12-01,WEST BENGAL,KASIPUR,0.007003223112856,Normal,Normal,Anomaly
2020-12-01,WEST BENGAL,KATWA,0.007003223112856,Normal,Normal,Anomaly
2021-01-01,UTTAR PRADESH,CHHIBRAMAU(KANNUJ),0.0084762333425176,Normal,Anomaly,Normal
2021-01-01,UTTAR PRADESH,PRATAPGARH,0.0084762333425176,Normal,Anomaly,Normal
2021-01-01,WEST BENGAL,DURGAPUR,0.0155657867186166,Normal,Anomaly,Anomaly
2021-01-01,WEST BENGAL,KASIPUR,0.0155657867186166,Normal,Anomaly,Anomaly
2021-01-01,WEST BENGAL,KATWA,0.0155657867186166,Normal,Anomaly,Anomaly
2021-02-01,UTTAR PRADESH,CHHIBRAMAU(KANNUJ),0.046463903736703,Anomaly,Anomaly,Anomaly
2021-02-01,UTTAR PRADESH,PRATAPGARH,0.046463903736703,Anomaly,Anomaly,Anomaly
2021-02-01,WEST BENGAL,DURGAPUR,0.0103364661650883,Normal,Normal,Normal
2021-02-01,WEST BENGAL,KASIPUR,0.0103364661650883,Normal,Normal,Normal
2021-02-01,WEST BENGAL,KATWA,0.0103364661650883,Normal,Normal,Normal
2021-03-01,UTTAR PRADESH,CHHIBRAMAU(KANNUJ),0.0094926046639772,Normal,Normal,Normal
2021-03-01,UTTAR PRADESH,PRATAPGARH,0.0094926046639772,Normal,Normal,Normal
2021-03-01,WEST BENGAL,DURGAPUR,0.00967058364637,Normal,Normal,Normal
2021-03-01,WEST BENGAL,KASIPUR,0.00967058364637,Normal,Normal,Normal
2021-03-01,WEST BENGAL,KATWA,0.00967058364637,Normal,Normal,Normal
2021-04-01,UTTAR PRADESH,CHHIBRAMAU(KANNUJ),0.0189543293843505,Normal,Anomaly,Normal
2021-04-01,UTTAR PRADESH,PRATAPGARH,0.0189543293843505,Normal,Anomaly,Normal
2021-04-01,WEST BENGAL,DURGAPUR,0.0491524316151147,Normal,Anomaly,Anomaly
2021-04-01,WEST BENGAL,KASIPUR,0.0491524316151147,Normal,Anomaly,Anomaly
2021-04-01,WEST BENGAL,KATWA,0.0491524316151147,Normal,Anomaly,Anomaly
2021-05-01,UTTAR PRADESH,CHHIBRAMAU(KANNUJ),0.0010481040960972,Normal,Normal,Normal
2021-05-01,UTTAR PRADESH,PRATAPGARH,0.0010481040960972,Normal,Normal,Normal
2021-05-01,WEST BENGAL,DURGAPUR,0.0037097561410807,Normal,Normal,Normal
2021-05-01,WEST BENGAL,KASIPUR,0.0037097561410807,Normal,Normal,Normal
2021-05-01,WEST BENGAL,KATWA,0.0037097561410807,Normal,Normal,Normal
2021-06-01,UTTAR PRADESH,CHHIBRAMAU(KANNUJ),0.000180608884602,Normal,Normal,Normal
2021-06-01,UTTAR PRADESH,PRATAPGARH,0.000180608884602,Normal,Normal,Normal
2021-06-01,WEST BENGAL,DURGAPUR,0.0007052449362973,Normal,Normal,Normal
2021-06-01,WEST BENGAL,KASIPUR,0.0007052449362973,Normal,Normal,Normal
2021-06-01,WEST BENGAL,KATWA,0.0007052449362973,Normal,Normal,Normal
