COMMODITY,STATENAME,MANDINAME,CENTRENAME,DATAPERCENTAGE
GREEN GRAM DAL (MOONG DAL),MAHARASHTRA,MUMBAI,MUMBAI,68.35734870317003
ONION,KARNATAKA,BELGAUM,DHARWAD,71.41210374639769
ONION,KARNATAKA,BANGALORE,BENGALURU,71.18155619596543
ONION,KARNATAKA,HUBLI (AMARAGOL),DHARWAD,70.20172910662824
ONION,KARNATAKA,DAVANGERE,DHARWAD,68.53025936599424
ONION,KARNATAKA,MYSORE (BANDIPALYA),MYSORE,59.19308357348703
ONION,KARNATAKA,CHIKKAMAGALORE,MANGALORE,42.53602305475505
ONION,KARNATAKA,HASSAN,MYSORE,28.876080691642652
ONION,KARNATAKA,HOSPET,DHARWAD,28.70317002881844
ONION,KARNATAKA,DODDABALLA PUR,BENGALURU,27.723342939481267
ONION,KARNATAKA,RANEBENNUR,DHARWAD,27.6657060518732
ONION,KARNATAKA,SHIMOGA,MANGALORE,25.590778097982707
ONION,KARNATAKA,CHICKKABALLAPURA,BENGALURU,25.072046109510087
ONION,KARNATAKA,BIJAPUR,DHARWAD,23.631123919308358
ONION,KARNATAKA,BAGALAKOT,DHARWAD,20.92219020172911
ONION,KARNATAKA,GADAG,DHARWAD,18.501440922190202
ONION,KARNATAKA,GUNDLUPET,MYSORE,17.579250720461097
ONION,KARNATAKA,KOLAR,BENGALURU,14.5821325648415
ONION,KARNATAKA,TUMKUR,BENGALURU,13.487031700288185
ONION,KARNATAKA,GOWRIBIDANOOR,BENGALURU,13.429394812680115
ONION,KARNATAKA,BAGEPALLI,BENGALURU,13.19884726224784
ONION,KARNATAKA,CHINTAMANI,BENGALURU,12.276657060518732
ONION,KARNATAKA,ARASIKERE,MYSORE,12.161383285302593
ONION,KARNATAKA,UDUPI,MANGALORE,12.103746397694524
ONION,KARNATAKA,JAMAKHANDI,DHARWAD,11.06628242074928
ONION,KARNATAKA,NANJANGUD,MYSORE,8.414985590778098
ONION,KARNATAKA,TARIKERE,MANGALORE,7.031700288184438
ONION,KARNATAKA,RAMANAGARA,BENGALURU,6.801152737752162
ONION,KARNATAKA,MANGALORE,MANGALORE,5.9942363112391925
ONION,KARNATAKA,DHARWAR,DHARWAD,5.53314121037464
ONION,KARNATAKA,SRINIVASAPUR,BENGALURU,5.187319884726225
ONION,KARNATAKA,HOLALKERE,MANGALORE,4.84149855907781
ONION,KARNATAKA,MALUR,BENGALURU,4.726224783861672
ONION,KARNATAKA,KADUR,MANGALORE,3.919308357348703
ONION,KARNATAKA,BANGARPET,BENGALURU,3.804034582132565
ONION,KARNATAKA,T. NARASIPURA,MANGALORE,2.881844380403458
ONION,KARNATAKA,BELLARY,DHARWAD,2.824207492795389
ONION,KARNATAKA,HAVERI,DHARWAD,2.5936599423631126
ONION,KARNATAKA,CHAMARAJ NAGAR,MYSORE,2.478386167146974
ONION,KARNATAKA,CHANNARAYAPATNA,MYSORE,2.3054755043227666
ONION,KARNATAKA,MANDYA,MYSORE,2.3054755043227666
ONION,KARNATAKA,HONNALI,DHARWAD,0.7492795389048991
ONION,KARNATAKA,K.R. PET,MANGALORE,0.7492795389048991
ONION,KARNATAKA,HUNSUR,MYSORE,0.69164265129683
ONION,KARNATAKA,BELUR,MANGALORE,0.46109510086455335
ONION,KARNATAKA,HOSKOTE,BENGALURU,0.4034582132564841
ONION,KARNATAKA,MULABAGILU,BENGALURU,0.345821325648415
ONION,KARNATAKA,BHADRAVATHI,MANGALORE,0.23054755043227668
ONION,KARNATAKA,CHALLAKERE,BENGALURU,0.11527377521613834
ONION,KARNATAKA,PAVAGADA,BENGALURU,0.11527377521613834
ONION,KARNATAKA,MADHUGIRI,BENGALURU,0.05763688760806917
ONION,KARNATAKA,GUBBI,BENGALURU,0.05763688760806917
ONION,KARNATAKA,SINDAGI,DHARWAD,0.05763688760806917
ONION,KARNATAKA,KANAKAPURA,BENGALURU,0.05763688760806917
ONION,KARNATAKA,HOLENARSIPURA,MYSORE,0.05763688760806917
ONION,MAHARASHTRA,PUNE,MUMBAI,70.66282420749279
ONION,MAHARASHTRA,SANGAMNER,MUMBAI,65.18731988472622
ONION,MAHARASHTRA,VASHI NEW MUMBAI,MUMBAI,60.97982708933718
ONION,MAHARASHTRA,NASIK,MUMBAI,60.46109510086455
ONION,MAHARASHTRA,YEOLA,MUMBAI,57.34870317002881
ONION,MAHARASHTRA,NAGPUR,NAGPUR,56.599423631123926
ONION,MAHARASHTRA,LASALGAON(NIPHAD),MUMBAI,55.965417867435164
ONION,MAHARASHTRA,AMRAWATI(FRUI & VEG. MARKET),NAGPUR,55.5043227665706
ONION,MAHARASHTRA,LASALGAON,MUMBAI,54.5821325648415
ONION,MAHARASHTRA,CHANDRAPUR(GANJWAD),NAGPUR,54.17867435158501
ONION,MAHARASHTRA,PUNE(HADAPSAR),MUMBAI,52.853025936599416
ONION,MAHARASHTRA,PUNE(PIMPRI),MUMBAI,50.43227665706051
ONION,MAHARASHTRA,SINNER,MUMBAI,50.317002881844374
ONION,MAHARASHTRA,KALVAN,MUMBAI,43.63112391930836
ONION,MAHARASHTRA,VAIJPUR,MUMBAI,42.70893371757925
ONION,MAHARASHTRA,KOPARGAON,MUMBAI,38.847262247838614
ONION,MAHARASHTRA,VAI,NAGPUR,36.829971181556196
ONION,MAHARASHTRA,RAHURI(VAMBORI),MUMBAI,32.79538904899135
ONION,MAHARASHTRA,NEWASA(GHODEGAON),MUMBAI,32.50720461095101
ONION,MAHARASHTRA,RAHATA,MUMBAI,31.988472622478387
ONION,MAHARASHTRA,NANDGAON,MUMBAI,31.70028818443804
ONION,MAHARASHTRA,PARNER,MUMBAI,31.469740634005767
ONION,MAHARASHTRA,RAHURI,MUMBAI,29.68299711815562
ONION,MAHARASHTRA,JUNNAR(ALEPHATA),MUMBAI,28.24207492795389
ONION,MAHARASHTRA,SATARA,MUMBAI,27.204610951008647
ONION,MAHARASHTRA,SHRIRAMPUR,MUMBAI,26.97406340057637
ONION,MAHARASHTRA,PUNE(KHADIKI),MUMBAI,26.74351585014409
ONION,MAHARASHTRA,RAMTEK,NAGPUR,26.051873198847264
ONION,MAHARASHTRA,MAANACHAR,MUMBAI,25.763688760806918
ONION,MAHARASHTRA,KAMTHI,NAGPUR,25.014409221902017
ONION,MAHARASHTRA,PATHARDI,MUMBAI,23.631123919308358
ONION,MAHARASHTRA,LONAND,MUMBAI,22.420749279538903
ONION,MAHARASHTRA,AKOLE,MUMBAI,22.305475504322768
ONION,MAHARASHTRA,AHMEDNAGAR,MUMBAI,20.576368876080693
ONION,MAHARASHTRA,JAMKHED,MUMBAI,20.05763688760807
ONION,MAHARASHTRA,JUNNAR,MUMBAI,19.769452449567723
ONION,MAHARASHTRA,KHED(CHAKAN),MUMBAI,17.060518731988473
ONION,MAHARASHTRA,LASUR STATION,MUMBAI,15.21613832853026
ONION,MAHARASHTRA,INDAPUR,MUMBAI,14.985590778097983
ONION,MAHARASHTRA,JUNNAR(OTUR),MUMBAI,13.19884726224784
ONION,MAHARASHTRA,ULHASNAGAR,MUMBAI,12.507204610951009
ONION,MAHARASHTRA,KARJAT(RAIGAD),MUMBAI,11.642651296829971
ONION,MAHARASHTRA,AMARAWATI,NAGPUR,9.971181556195965
ONION,MAHARASHTRA,PALTHAN,MUMBAI,9.740634005763688
ONION,MAHARASHTRA,SHRIGONDA,MUMBAI,8.99135446685879
ONION,MAHARASHTRA,BHIVANDI,MUMBAI,8.069164265129682
ONION,MAHARASHTRA,GANGAPUR,MUMBAI,7.665706051873198
ONION,MAHARASHTRA,PALGHAR,MUMBAI,7.1469740634005765
ONION,MAHARASHTRA,MUMBAI,MUMBAI,6.455331412103746
ONION,MAHARASHTRA,BARAMATI,MUMBAI,5.417867435158501
ONION,MAHARASHTRA,KADA,MUMBAI,4.6685878962536025
ONION,MAHARASHTRA,VASAI,MUMBAI,4.610951008645533
ONION,MAHARASHTRA,KARMALA,MUMBAI,3.45821325648415
ONION,MAHARASHTRA,AKOLA,NAGPUR,3.45821325648415
ONION,MAHARASHTRA,KOREGAON,MUMBAI,1.4985590778097981
ONION,MAHARASHTRA,CHANDRAPUR,NAGPUR,0.5187319884726225
ONION,MAHARASHTRA,WASHI(THANE MARKET),MUMBAI,0.11527377521613834
ONION,NCT OF DELHI,AZADPUR,DELHI,83.17002881844381
ONION,NCT OF DELHI,SHAHDARA,DELHI,82.88184438040346
ONION,NCT OF DELHI,KESHOPUR,DELHI,61.90201729106628
ONION,UTTAR PRADESH,LAKHIMPUR,LUCKNOW,90.95100864553314
ONION,UTTAR PRADESH,BASTI,VARANASI,89.74063400576368
ONION,UTTAR PRADESH,LUCKNOW,LUCKNOW,86.10951008645533
ONION,UTTAR PRADESH,GONDA,LUCKNOW,84.78386167146974
ONION,UTTAR PRADESH,PRATAPGARH,VARANASI,84.78386167146974
ONION,UTTAR PRADESH,BARABANKI,LUCKNOW,83.5734870317003
ONION,UTTAR PRADESH,JALAUN,KANPUR,82.42074927953891
ONION,UTTAR PRADESH,BAHRAICH,LUCKNOW,81.84438040345822
ONION,UTTAR PRADESH,PUKHRAYAN,KANPUR,81.78674351585015
ONION,UTTAR PRADESH,FATEHPUR,KANPUR,81.72910662824208
ONION,UTTAR PRADESH,KANNAUJ,KANPUR,81.3256484149856
ONION,UTTAR PRADESH,KANPUR(GRAIN),KANPUR,81.21037463976946
ONION,UTTAR PRADESH,AURAIYA,KANPUR,80.97982708933718
ONION,UTTAR PRADESH,AZAMGARH,VARANASI,80.86455331412104
ONION,UTTAR PRADESH,GAZIPUR,AGRA,79.76945244956772
ONION,UTTAR PRADESH,MIRZAPUR,VARANASI,79.76945244956772
ONION,UTTAR PRADESH,MADHOGANJ,KANPUR,79.65417867435158
ONION,UTTAR PRADESH,AGRA,AGRA,78.73198847262248
ONION,UTTAR PRADESH,KASGANJ,AGRA,78.38616714697406
ONION,UTTAR PRADESH,MAINPURI,AGRA,78.04034582132566
ONION,UTTAR PRADESH,ALIGARH,AGRA,77.9250720461095
ONION,UTTAR PRADESH,UNNAO,KANPUR,77.52161383285303
ONION,UTTAR PRADESH,GORAKHPUR,VARANASI,77.34870317002883
ONION,UTTAR PRADESH,HARDOI,KANPUR,77.34870317002883
ONION,UTTAR PRADESH,SHAHGANJ,VARANASI,77.0028818443804
ONION,UTTAR PRADESH,KHAIR,AGRA,76.4265129682997
ONION,UTTAR PRADESH,PARTAVAL,VARANASI,76.25360230547551
ONION,UTTAR PRADESH,CHHIBRAMAU(KANNUJ),KANPUR,76.0806916426513
ONION,UTTAR PRADESH,ORAI,KANPUR,75.9077809798271
ONION,UTTAR PRADESH,ROBERTSGANJ,VARANASI,75.61959654178675
ONION,UTTAR PRADESH,BANDA,KANPUR,74.98559077809799
ONION,UTTAR PRADESH,ETAH,AGRA,74.52449567723343
ONION,UTTAR PRADESH,CHANDOLI,LUCKNOW,73.94812680115274
ONION,UTTAR PRADESH,FIROZABAD,AGRA,73.48703170028818
ONION,UTTAR PRADESH,HAATHRAS,AGRA,73.37175792507205
ONION,UTTAR PRADESH,DEVARIYA,LUCKNOW,73.14121037463977
ONION,UTTAR PRADESH,JAUNPUR,VARANASI,73.14121037463977
ONION,UTTAR PRADESH,FARUKHABAD,KANPUR,72.79538904899135
ONION,UTTAR PRADESH,VARANASI(F&V),VARANASI,71.81556195965419
ONION,UTTAR PRADESH,JAFARGANJ,KANPUR,71.00864553314122
ONION,UTTAR PRADESH,SITAPUR,LUCKNOW,69.85590778097983
ONION,UTTAR PRADESH,BHARUASUMERPUR,KANPUR,69.45244956772333
ONION,UTTAR PRADESH,MAHOBA,KANPUR,69.39481268011527
ONION,UTTAR PRADESH,BHARTHNA,KANPUR,69.39481268011527
ONION,UTTAR PRADESH,SAHIYAPUR,LUCKNOW,69.22190201729107
ONION,UTTAR PRADESH,JAYAS,LUCKNOW,68.93371757925073
ONION,UTTAR PRADESH,BINDKI,KANPUR,68.53025936599424
ONION,UTTAR PRADESH,CHOUBEPUR,VARANASI,68.47262247838617
ONION,UTTAR PRADESH,MAUDAHA,KANPUR,68.47262247838617
ONION,UTTAR PRADESH,SIRSAGANJ,AGRA,67.89625360230548
ONION,UTTAR PRADESH,KAYAMGANJ,AGRA,66.97406340057637
ONION,UTTAR PRADESH,FAIZABAD,LUCKNOW,66.45533141210375
ONION,UTTAR PRADESH,MATHURA,AGRA,66.22478386167147
ONION,UTTAR PRADESH,SHIKOHABAD,AGRA,65.64841498559078
ONION,UTTAR PRADESH,AKBARPUR,KANPUR,64.84149855907782
ONION,UTTAR PRADESH,RAATH,KANPUR,64.32276657060518
ONION,UTTAR PRADESH,SAFDARGANJ,LUCKNOW,64.09221902017292
ONION,UTTAR PRADESH,BIJNAUR,LUCKNOW,64.09221902017292
ONION,UTTAR PRADESH,BALRAMPUR,LUCKNOW,63.861671469740635
ONION,UTTAR PRADESH,ACHNERA,AGRA,62.939481268011534
ONION,UTTAR PRADESH,KHAIRAGARH,AGRA,62.76657060518732
ONION,UTTAR PRADESH,CHORICHORA,VARANASI,62.70893371757925
ONION,UTTAR PRADESH,BANGARMAU,KANPUR,60.0
ONION,UTTAR PRADESH,KOPAGANJ,VARANASI,59.2507204610951
ONION,UTTAR PRADESH,FATEHPUR SIKRI,AGRA,58.847262247838614
ONION,UTTAR PRADESH,UJHANI,AGRA,58.27089337175793
ONION,UTTAR PRADESH,BABERU,KANPUR,57.636887608069166
ONION,UTTAR PRADESH,VISWAN,LUCKNOW,55.850144092219026
ONION,UTTAR PRADESH,FATEHABAD,AGRA,55.5043227665706
ONION,UTTAR PRADESH,ANWALA,AGRA,54.98559077809798
ONION,UTTAR PRADESH,RURA,KANPUR,54.46685878962536
ONION,UTTAR PRADESH,CHITWADAGAON,VARANASI,54.40922190201729
ONION,UTTAR PRADESH,TUNDLA,AGRA,54.351585014409224
ONION,UTTAR PRADESH,GHIRAUR,AGRA,54.351585014409224
ONION,UTTAR PRADESH,CHAANDPUR,VARANASI,53.89048991354467
ONION,UTTAR PRADESH,DIVAI,AGRA,53.71757925072046
ONION,UTTAR PRADESH,ANANDNAGAR,VARANASI,52.622478386167145
ONION,UTTAR PRADESH,JANGIPURA,VARANASI,52.564841498559076
ONION,UTTAR PRADESH,NAANPARA,LUCKNOW,52.10374639769453
ONION,UTTAR PRADESH,JAGNAIR,AGRA,51.527377521613836
ONION,UTTAR PRADESH,SEHJANWA,VARANASI,50.778097982708935
ONION,UTTAR PRADESH,SOHARATGARH,VARANASI,49.56772334293948
ONION,UTTAR PRADESH,KHALILABAD,VARANASI,49.106628242074926
ONION,UTTAR PRADESH,GADAURA,KANPUR,48.876080691642656
ONION,UTTAR PRADESH,GOLAGOKARNATH,LUCKNOW,48.357348703170025
ONION,UTTAR PRADESH,SHAHABAD(NEW MANDI),KANPUR,48.357348703170025
ONION,UTTAR PRADESH,SAMSABAD,KANPUR,48.299711815561956
ONION,UTTAR PRADESH,AWAGARH,AGRA,48.242074927953894
ONION,UTTAR PRADESH,HARGAON (LAHARPUR),LUCKNOW,48.242074927953894
ONION,UTTAR PRADESH,MUSKARA,KANPUR,47.72334293948127
ONION,UTTAR PRADESH,CHARRA,AGRA,46.10951008645533
ONION,UTTAR PRADESH,MUGRABAADSHAHPUR,VARANASI,45.30259365994237
ONION,UTTAR PRADESH,NAUGARH,VARANASI,44.207492795389044
ONION,UTTAR PRADESH,JARAR,AGRA,43.7463976945245
ONION,UTTAR PRADESH,VILTHARAROAD,VARANASI,42.76657060518732
ONION,UTTAR PRADESH,NAWABGANJ,LUCKNOW,41.09510086455332
ONION,UTTAR PRADESH,RASDA,LUCKNOW,41.03746397694524
ONION,UTTAR PRADESH,MEHMOODABAD,LUCKNOW,40.23054755043228
ONION,UTTAR PRADESH,JHIJHANK,KANPUR,39.2507204610951
ONION,UTTAR PRADESH,GANJDUDWARA,AGRA,38.90489913544668
ONION,UTTAR PRADESH,ACHALDA,KANPUR,38.73198847262248
ONION,UTTAR PRADESH,SHADABAD,AGRA,38.443804034582136
ONION,UTTAR PRADESH,TANDA,VARANASI,38.21325648414985
ONION,UTTAR PRADESH,NAUTNAVA,VARANASI,36.31123919308357
ONION,UTTAR PRADESH,SAIDPUR,VARANASI,34.12103746397695
ONION,UTTAR PRADESH,YUSUFPUR,VARANASI,33.25648414985591
ONION,UTTAR PRADESH,ALIGANJ,LUCKNOW,30.605187319884724
ONION,UTTAR PRADESH,BEWAR,KANPUR,29.798270893371757
ONION,UTTAR PRADESH,JASVANTNAGAR,AGRA,29.62536023054755
ONION,UTTAR PRADESH,DUDHI,VARANASI,28.24207492795389
ONION,UTTAR PRADESH,VILASPUR,AGRA,27.838616714697405
ONION,UTTAR PRADESH,SHAHASWAN,AGRA,27.6657060518732
ONION,UTTAR PRADESH,ATRAULI,LUCKNOW,27.089337175792505
ONION,UTTAR PRADESH,JAHANABAD,KANPUR,26.74351585014409
ONION,UTTAR PRADESH,SANDI,KANPUR,24.438040345821328
ONION,UTTAR PRADESH,GOPIGANJ,VARANASI,22.76657060518732
ONION,UTTAR PRADESH,DIBIAPUR,KANPUR,20.634005763688762
ONION,UTTAR PRADESH,PURWA,LUCKNOW,19.423631123919307
ONION,UTTAR PRADESH,RUDAULI,LUCKNOW,19.020172910662826
ONION,UTTAR PRADESH,UTTARIPURA,KANPUR,18.55907780979827
ONION,UTTAR PRADESH,VARIPAAL,KANPUR,18.443804034582133
ONION,UTTAR PRADESH,SANDILA,LUCKNOW,17.348703170028816
ONION,UTTAR PRADESH,TULSIPUR,LUCKNOW,17.060518731988473
ONION,UTTAR PRADESH,LALGANJ,VARANASI,16.59942363112392
ONION,UTTAR PRADESH,AHIRORA,KANPUR,16.138328530259365
ONION,UTTAR PRADESH,RISIA,LUCKNOW,15.15850144092219
ONION,UTTAR PRADESH,MAIGALGANJ,LUCKNOW,15.043227665706052
ONION,UTTAR PRADESH,UTRAULA,LUCKNOW,13.487031700288185
ONION,UTTAR PRADESH,KHAGA,KANPUR,13.0835734870317
ONION,UTTAR PRADESH,KAMLAGANJ,KANPUR,7.665706051873198
ONION,UTTAR PRADESH,TIKONIA,LUCKNOW,7.435158501440922
ONION,UTTAR PRADESH,MOHAMMDI,LUCKNOW,7.377521613832854
ONION,UTTAR PRADESH,MISRIKH,LUCKNOW,5.129682997118155
ONION,UTTAR PRADESH,MOHAMADABAD,VARANASI,4.899135446685879
ONION,UTTAR PRADESH,PANCHPEDWA,LUCKNOW,3.976945244956772
ONION,UTTAR PRADESH,WANSI,VARANASI,1.729106628242075
ONION,UTTAR PRADESH,PAYAGPUR,LUCKNOW,1.6714697406340056
ONION,UTTAR PRADESH,VARANASI(GRAIN),VARANASI,1.2103746397694526
ONION,UTTAR PRADESH,KURARA,KANPUR,1.095100864553314
ONION,UTTAR PRADESH,MIHIPURWA,LUCKNOW,0.9798270893371758
ONION,UTTAR PRADESH,TANDA(RAMPUR),VARANASI,0.9798270893371758
ONION,UTTAR PRADESH,BHEHJOI,VARANASI,0.9221902017291067
ONION,UTTAR PRADESH,SIKANDRARAAU,AGRA,0.8645533141210375
ONION,UTTAR PRADESH,BABRALA,AGRA,0.7492795389048991
ONION,UTTAR PRADESH,BACHRANWA,LUCKNOW,0.2881844380403458
ONION,UTTAR PRADESH,KISHUNPUR,VARANASI,0.2881844380403458
ONION,UTTAR PRADESH,MAHOLI,LUCKNOW,0.05763688760806917
ONION,UTTAR PRADESH,KALPI,KANPUR,0.05763688760806917
POTATO,GUJARAT,SURAT,SURAT,82.47838616714698
POTATO,GUJARAT,VADHVAN,AHMEDABAD,81.67146974063401
POTATO,GUJARAT,BHARUCH,SURAT,79.88472622478386
POTATO,GUJARAT,AHMEDABAD(CHIMANBHAI PATAL MARKET VASANA),AHMEDABAD,79.76945244956772
POTATO,GUJARAT,GONDAL(VEG.MARKET GONDAL),RAJKOT,78.90489913544668
POTATO,GUJARAT,KHAMBHAT(VEG YARD KHAMBHAT),AHMEDABAD,78.21325648414985
POTATO,GUJARAT,PADRA,AHMEDABAD,71.23919308357348
POTATO,GUJARAT,VADODARA(SAYAJIPURA),AHMEDABAD,69.3371757925072
POTATO,GUJARAT,RAJKOT(GHEE PEETH),RAJKOT,63.919308357348704
POTATO,GUJARAT,MEHSANA(MEHSANA VEG),AHMEDABAD,59.827089337175785
POTATO,GUJARAT,DEESA(DEESA VEG YARD),AHMEDABAD,57.23342939481269
POTATO,GUJARAT,KAPADVANJ,AHMEDABAD,44.03458213256484
POTATO,GUJARAT,NADIYAD(PIPLAG),AHMEDABAD,43.68876080691643
POTATO,GUJARAT,BILIMORA,SURAT,32.44956772334294
POTATO,GUJARAT,DHOLKA(KOTH),AHMEDABAD,23.112391930835734
POTATO,GUJARAT,DHORAJI,RAJKOT,20.51873198847262
POTATO,GUJARAT,DHARI,RAJKOT,13.602305475504323
POTATO,GUJARAT,BORSAD(VEG YARD BARSAD),AHMEDABAD,13.544668587896252
POTATO,GUJARAT,RAJKOT,RAJKOT,9.971181556195965
POTATO,GUJARAT,MANSA(MANAS VEG YARD),AHMEDABAD,8.876080691642652
POTATO,GUJARAT,VIJAPUR(VEG),AHMEDABAD,4.14985590778098
POTATO,GUJARAT,DHARI(CHALALA),RAJKOT,0.69164265129683
POTATO,GUJARAT,SIDDHPUR,AHMEDABAD,0.5763688760806917
POTATO,GUJARAT,GODHRA,AHMEDABAD,0.345821325648415
POTATO,GUJARAT,BABRA,RAJKOT,0.1729106628242075
POTATO,GUJARAT,NADIAD,AHMEDABAD,0.11527377521613834
POTATO,GUJARAT,ANKLESHWAR,SURAT,0.05763688760806917
POTATO,GUJARAT,ANKLAV,AHMEDABAD,0.05763688760806917
POTATO,HIMACHAL PRADESH,KULLU,MANDI,73.19884726224784
POTATO,HIMACHAL PRADESH,BHUNTAR,MANDI,69.9135446685879
POTATO,HIMACHAL PRADESH,SOLAN,SHIMLA,64.09221902017292
POTATO,HIMACHAL PRADESH,DHANOTU (MANDI),DHARAMSHALA,63.112391930835734
POTATO,HIMACHAL PRADESH,HAMIRPUR,MANDI,56.138328530259365
POTATO,HIMACHAL PRADESH,MANDI(MANDI),MANDI,56.080691642651296
POTATO,HIMACHAL PRADESH,KANGRA,DHARAMSHALA,54.92795389048991
POTATO,HIMACHAL PRADESH,HAMIRPUR(NADAUN),MANDI,52.79538904899136
POTATO,HIMACHAL PRADESH,CHAMBA,DHARAMSHALA,52.10374639769453
POTATO,HIMACHAL PRADESH,MANDI(TAKOLI),MANDI,39.42363112391931
POTATO,HIMACHAL PRADESH,KANGRA(JASSOUR),DHARAMSHALA,37.636887608069166
POTATO,HIMACHAL PRADESH,PALAMPUR,DHARAMSHALA,36.48414985590778
POTATO,HIMACHAL PRADESH,SHIMLA,SHIMLA,34.5821325648415
POTATO,HIMACHAL PRADESH,SOLAN(NALAGARH),SHIMLA,26.39769452449568
POTATO,HIMACHAL PRADESH,KANGRA(JAISINGHPUR),DHARAMSHALA,25.533141210374637
POTATO,HIMACHAL PRADESH,KANGRA(BAIJNATH),DHARAMSHALA,22.13256484149856
POTATO,HIMACHAL PRADESH,CHAIL CHOWK,MANDI,21.671469740634006
POTATO,HIMACHAL PRADESH,SHIMLA AND KINNAUR(RAMPUR),SHIMLA,19.423631123919307
POTATO,HIMACHAL PRADESH,KANGRA(NAGROTA BAGWAN),DHARAMSHALA,16.368876080691646
POTATO,HIMACHAL PRADESH,KULLU(CHAURI BIHAL),MANDI,9.740634005763688
POTATO,HIMACHAL PRADESH,JWALAJI,DHARAMSHALA,6.85878962536023
POTATO,HIMACHAL PRADESH,ROHROO,SHIMLA,5.187319884726225
POTATO,HIMACHAL PRADESH,BANDROL,MANDI,4.207492795389049
POTATO,HIMACHAL PRADESH,SHIMLA AND KINNAUR(THEOG),SHIMLA,2.5936599423631126
POTATO,HIMACHAL PRADESH,SHIMLA AND KINNAUR(NERWA),SHIMLA,0.8645533141210375
POTATO,HIMACHAL PRADESH,SOLAN(RAJGARH),SOLAN,0.4034582132564841
POTATO,HIMACHAL PRADESH,SHIMLA AND KINNAUR(KOTI),SHIMLA,0.2881844380403458
POTATO,HIMACHAL PRADESH,KULLU(PATLI KUHAL),MANDI,0.05763688760806917
POTATO,MADHYA PRADESH,LASHKAR(F&V),GWALIOR,90.95100864553314
POTATO,MADHYA PRADESH,DEWAS(F&V),INDORE,87.78097982708934
POTATO,MADHYA PRADESH,SANWER,INDORE,86.80115273775216
POTATO,MADHYA PRADESH,BHOPAL(F&V),BHOPAL,84.95677233429394
POTATO,MADHYA PRADESH,BURHANPUR(F&V),INDORE,84.38040345821327
POTATO,MADHYA PRADESH,HAATPIPLIYA,INDORE,83.97694524495677
POTATO,MADHYA PRADESH,GUNA(F&V),BHOPAL,82.2478386167147
POTATO,MADHYA PRADESH,JABALPUR(F&V),JABALPUR,81.55619596541787
POTATO,MADHYA PRADESH,DHAMNOD,INDORE,81.4985590778098
POTATO,MADHYA PRADESH,SAGAR(F&V),SAGAR,81.4985590778098
POTATO,MADHYA PRADESH,MORENA(F&V),GWALIOR,74.23631123919309
POTATO,MADHYA PRADESH,HARDA(F&V),BHOPAL,73.8328530259366
POTATO,MADHYA PRADESH,INDORE(F&V),INDORE,68.7608069164265
POTATO,MADHYA PRADESH,NARSINGHGARH,BHOPAL,65.70605187319885
POTATO,MADHYA PRADESH,DEORI,SAGAR,62.65129682997118
POTATO,MADHYA PRADESH,UJJAIN(F&V),INDORE,58.61671469740634
POTATO,MADHYA PRADESH,SHIVPURI(F&V),GWALIOR,58.38616714697407
POTATO,MADHYA PRADESH,RAJGARH,BHOPAL,57.40634005763688
POTATO,MADHYA PRADESH,SYOPURKALAN(F&V),REWA,46.512968299711815
POTATO,MADHYA PRADESH,KUKSHI,INDORE,36.887608069164266
POTATO,MADHYA PRADESH,KHANDWA(F&V),INDORE,33.77521613832853
POTATO,MADHYA PRADESH,PETLAWAD,INDORE,29.221902017291068
POTATO,MADHYA PRADESH,DAMOH(F&V),SAGAR,28.357348703170025
POTATO,MADHYA PRADESH,PIPARIYA,BHOPAL,27.60806916426513
POTATO,MADHYA PRADESH,JHABUA,INDORE,25.878962536023053
POTATO,MADHYA PRADESH,SHAJAPUR(F&V),INDORE,25.878962536023053
POTATO,MADHYA PRADESH,BIAORA,BHOPAL,23.170028818443804
POTATO,MADHYA PRADESH,RATLAM(F&V),INDORE,21.32564841498559
POTATO,MADHYA PRADESH,KALAPIPAL,INDORE,9.740634005763688
POTATO,MADHYA PRADESH,PORSA(F&V),GWALIOR,8.530259365994237
POTATO,MADHYA PRADESH,SEHORE,BHOPAL,6.9164265129683
POTATO,MADHYA PRADESH,SHUJALPUR,BHOPAL,6.628242074927954
POTATO,MADHYA PRADESH,TIMARNI,BHOPAL,5.648414985590778
POTATO,MADHYA PRADESH,BADNAWAR(F&V),INDORE,4.092219020172911
POTATO,MADHYA PRADESH,JAORA,INDORE,3.804034582132565
POTATO,MADHYA PRADESH,NALKEHDA,INDORE,3.631123919308357
POTATO,MADHYA PRADESH,ASHTA,BHOPAL,3.112391930835735
POTATO,MADHYA PRADESH,MHOW,INDORE,2.0172910662824206
POTATO,MADHYA PRADESH,GAUTAMPURA,INDORE,1.095100864553314
POTATO,MADHYA PRADESH,MANAWAR,INDORE,0.6340057636887608
POTATO,MADHYA PRADESH,THANDLA,INDORE,0.46109510086455335
POTATO,MADHYA PRADESH,JORA,GWALIOR,0.46109510086455335
POTATO,MADHYA PRADESH,SARANGPUR,BHOPAL,0.11527377521613834
POTATO,MADHYA PRADESH,SENDHWA,INDORE,0.05763688760806917
POTATO,MADHYA PRADESH,DHAR,INDORE,0.05763688760806917
POTATO,NCT OF DELHI,SHAHDARA,DELHI,83.342939481268
POTATO,NCT OF DELHI,AZADPUR,DELHI,82.59365994236312
POTATO,NCT OF DELHI,KESHOPUR,DELHI,61.84438040345821
POTATO,PUNJAB,AJNALA,AMRITSAR,88.93371757925071
POTATO,PUNJAB,ZIRA,AMRITSAR,87.26224783861672
POTATO,PUNJAB,MALERKOTLA,LUDHIANA,86.74351585014409
POTATO,PUNJAB,SANGRUR,LUDHIANA,84.61095100864553
POTATO,PUNJAB,BARNALA,LUDHIANA,84.38040345821327
POTATO,PUNJAB,PATTI,AMRITSAR,83.80403458213257
POTATO,PUNJAB,RAMAN,BATHINDA,82.88184438040346
POTATO,PUNJAB,NABHA,LUDHIANA,82.70893371757924
POTATO,PUNJAB,DHARAMKOT,LUDHIANA,82.01729106628241
POTATO,PUNJAB,PHILLAUR(APRA MANDI),LUDHIANA,80.0
POTATO,PUNJAB,DHARIWAL,AMRITSAR,79.42363112391931
POTATO,PUNJAB,SUNAM,LUDHIANA,78.90489913544668
POTATO,PUNJAB,JALANDHAR CITY(JALANDHAR),LUDHIANA,77.69452449567723
POTATO,PUNJAB,JAGRAON,LUDHIANA,76.71469740634006
POTATO,PUNJAB,BILGA,LUDHIANA,76.71469740634006
POTATO,PUNJAB,TANDA URMUR,AMRITSAR,76.54178674351584
POTATO,PUNJAB,RAYYA,AMRITSAR,75.1585014409222
POTATO,PUNJAB,MALOUT,BATHINDA,74.81268011527378
POTATO,PUNJAB,GIDDARBAHA,BATHINDA,73.8328530259366
POTATO,PUNJAB,TARANTARAN,AMRITSAR,73.77521613832853
POTATO,PUNJAB,MAKHU,AMRITSAR,73.54466858789625
POTATO,PUNJAB,AMRITSAR(AMRITSAR MEWA MANDI),AMRITSAR,73.0835734870317
POTATO,PUNJAB,ADAMPUR,LUDHIANA,73.02593659942363
POTATO,PUNJAB,PHAGWARA,LUDHIANA,72.56484149855908
POTATO,PUNJAB,DHURI,LUDHIANA,71.87319884726224
POTATO,PUNJAB,GURU HAR SAHAI,BATHINDA,71.75792507204612
POTATO,PUNJAB,NAWAN SHAHAR(SUBZI MANDI),BATHINDA,71.70028818443804
POTATO,PUNJAB,BUDALADA,BATHINDA,70.14409221902017
POTATO,PUNJAB,SAMRALA,LUDHIANA,69.45244956772333
POTATO,PUNJAB,BAGHAPURANA,BATHINDA,69.3371757925072
POTATO,PUNJAB,NOOR MEHAL,AMRITSAR,69.04899135446686
POTATO,PUNJAB,FARIDKOT,BATHINDA,68.29971181556196
POTATO,PUNJAB,MOGA,BATHINDA,67.78097982708934
POTATO,PUNJAB,BHUCHO,BATHINDA,67.31988472622479
POTATO,PUNJAB,BHAWANIGARH,LUDHIANA,66.34005763688761
POTATO,PUNJAB,SAHNEWAL,LUDHIANA,65.70605187319885
POTATO,PUNJAB,ABOHAR,BATHINDA,64.61095100864553
POTATO,PUNJAB,GARH SHANKAR,LUDHIANA,63.51585014409223
POTATO,PUNJAB,GONIANA,BATHINDA,63.112391930835734
POTATO,PUNJAB,KHANNA,LUDHIANA,60.80691642651297
POTATO,PUNJAB,GARH SHANKAR(MAHALPUR),LUDHIANA,60.69164265129683
POTATO,PUNJAB,GORAYA,LUDHIANA,60.69164265129683
POTATO,PUNJAB,RAIKOT,LUDHIANA,60.576368876080686
POTATO,PUNJAB,GURDASPUR,AMRITSAR,60.576368876080686
POTATO,PUNJAB,MUKTSAR,BATHINDA,60.46109510086455
POTATO,PUNJAB,DINANAGAR,AMRITSAR,60.05763688760807
POTATO,PUNJAB,FIROZEPUR CITY,LUDHIANA,59.42363112391931
POTATO,PUNJAB,MAMDOT,BATHINDA,59.30835734870317
POTATO,PUNJAB,BANGA,LUDHIANA,57.636887608069166
POTATO,PUNJAB,TALWANDI SABO,BATHINDA,55.44668587896253
POTATO,PUNJAB,FAZILKA,BATHINDA,55.04322766570605
POTATO,PUNJAB,BATHINDA,BATHINDA,54.7550432276657
POTATO,PUNJAB,MACHHIWARA,LUDHIANA,49.79827089337176
POTATO,PUNJAB,BATALA,AMRITSAR,47.49279538904899
POTATO,PUNJAB,HOSHIARPUR,LUDHIANA,45.70605187319885
POTATO,PUNJAB,DORAHA,LUDHIANA,45.53314121037464
POTATO,PUNJAB,KAPURTHALA,AMRITSAR,44.610951008645536
POTATO,PUNJAB,FEROZEPUR CANTT.,AMRITSAR,42.4207492795389
POTATO,PUNJAB,KOT ISE KHAN,AMRITSAR,42.247838616714695
POTATO,PUNJAB,RAMPURAPHUL(NABHA MANDI),BATHINDA,40.57636887608069
POTATO,PUNJAB,BALACHAUR,LUDHIANA,40.345821325648416
POTATO,PUNJAB,F.G.CHURIAN,AMRITSAR,40.0
POTATO,PUNJAB,SARDULGARH,BATHINDA,38.55907780979827
POTATO,PUNJAB,QUADIAN,AMRITSAR,37.23342939481268
POTATO,PUNJAB,BARIWALA,BATHINDA,36.77233429394813
POTATO,PUNJAB,GEHRI(JANDIALA MANDI),AMRITSAR,32.10374639769453
POTATO,PUNJAB,LOHIAN KHAS,AMRITSAR,31.52737752161383
POTATO,PUNJAB,MAUR,BATHINDA,24.78386167146974
POTATO,PUNJAB,BHAGTA BHAI KA,BATHINDA,22.478386167146976
POTATO,PUNJAB,NAKODAR,LUDHIANA,22.420749279538903
POTATO,PUNJAB,NIHAL SINGH WALA,BATHINDA,22.074927953890487
POTATO,PUNJAB,NAWAN SHAHAR(MANDIRAHO),BATHINDA,19.193083573487034
POTATO,PUNJAB,TAPA,BATHINDA,17.579250720461097
POTATO,PUNJAB,DERA BABA NANAK,AMRITSAR,16.829971181556196
POTATO,PUNJAB,NAWAN SHAHAR(MANDI AUR),BATHINDA,16.253602305475503
POTATO,PUNJAB,LUDHIANA,LUDHIANA,15.677233429394812
POTATO,PUNJAB,BHULATH,AMRITSAR,10.317002881844381
POTATO,PUNJAB,SADIQ,BATHINDA,10.028818443804035
POTATO,PUNJAB,BHOGPUR,LUDHIANA,9.913544668587896
POTATO,PUNJAB,SHAHKOT,AMRITSAR,8.93371757925072
POTATO,PUNJAB,KOTKAPURA,BATHINDA,8.069164265129682
POTATO,PUNJAB,FAZILKA (LADHUKA),BATHINDA,6.455331412103746
POTATO,PUNJAB,TALWANDI BHAI,BATHINDA,6.397694524495677
POTATO,PUNJAB,MEHATPUR,LUDHIANA,5.475504322766571
POTATO,PUNJAB,MEHTA,AMRITSAR,3.5734870317002883
POTATO,PUNJAB,AHMEDGARH,LUDHIANA,2.9394812680115274
POTATO,PUNJAB,DHILWAN,AMRITSAR,1.8443804034582134
POTATO,PUNJAB,PHILLAUR,LUDHIANA,1.4985590778097981
POTATO,PUNJAB,RAMPURA PHUL,BATHINDA,0.1729106628242075
POTATO,PUNJAB,MAMDOT(TIBBI KHURD),BATHINDA,0.1729106628242075
POTATO,UTTAR PRADESH,FAIZABAD,LUCKNOW,94.69740634005763
POTATO,UTTAR PRADESH,LAKHIMPUR,LUCKNOW,90.31700288184437
POTATO,UTTAR PRADESH,BASTI,VARANASI,88.87608069164266
POTATO,UTTAR PRADESH,LUCKNOW,LUCKNOW,85.64841498559078
POTATO,UTTAR PRADESH,PRATAPGARH,VARANASI,83.86167146974063
POTATO,UTTAR PRADESH,FIROZABAD,AGRA,83.68876080691643
POTATO,UTTAR PRADESH,GONDA,LUCKNOW,83.51585014409221
POTATO,UTTAR PRADESH,BARABANKI,LUCKNOW,82.65129682997117
POTATO,UTTAR PRADESH,JALAUN,KANPUR,81.95965417867436
POTATO,UTTAR PRADESH,FATEHPUR,KANPUR,81.38328530259365
POTATO,UTTAR PRADESH,BAHRAICH,LUCKNOW,81.26801152737752
POTATO,UTTAR PRADESH,PUKHRAYAN,KANPUR,80.92219020172911
POTATO,UTTAR PRADESH,AURAIYA,KANPUR,80.63400576368876
POTATO,UTTAR PRADESH,KANPUR(GRAIN),KANPUR,80.51873198847262
POTATO,UTTAR PRADESH,KANNAUJ,KANPUR,80.11527377521614
POTATO,UTTAR PRADESH,AZAMGARH,VARANASI,79.94236311239193
POTATO,UTTAR PRADESH,BHARUASUMERPUR,KANPUR,79.65417867435158
POTATO,UTTAR PRADESH,MAINPURI,AGRA,79.53890489913545
POTATO,UTTAR PRADESH,GAZIPUR,AGRA,79.48126801152738
POTATO,UTTAR PRADESH,MADHOGANJ,KANPUR,78.96253602305475
POTATO,UTTAR PRADESH,MIRZAPUR,VARANASI,78.84726224783861
POTATO,UTTAR PRADESH,UNNAO,KANPUR,78.44380403458213
POTATO,UTTAR PRADESH,AGRA,AGRA,77.98270893371757
POTATO,UTTAR PRADESH,KASGANJ,AGRA,77.7521613832853
POTATO,UTTAR PRADESH,ETAH,AGRA,77.34870317002883
POTATO,UTTAR PRADESH,HARDOI,KANPUR,77.34870317002883
POTATO,UTTAR PRADESH,JAUNPUR,VARANASI,77.1757925072046
POTATO,UTTAR PRADESH,SHAHGANJ,VARANASI,77.06051873198847
POTATO,UTTAR PRADESH,ALIGARH,AGRA,76.94524495677233
POTATO,UTTAR PRADESH,HAATHRAS,AGRA,76.657060518732
POTATO,UTTAR PRADESH,KHAIR,AGRA,76.02305475504323
POTATO,UTTAR PRADESH,BANDA,KANPUR,75.6772334293948
POTATO,UTTAR PRADESH,ORAI,KANPUR,75.44668587896254
POTATO,UTTAR PRADESH,CHHIBRAMAU(KANNUJ),KANPUR,75.1585014409222
POTATO,UTTAR PRADESH,FARUKHABAD,KANPUR,74.98559077809799
POTATO,UTTAR PRADESH,PARTAVAL,VARANASI,74.87031700288185
POTATO,UTTAR PRADESH,ROBERTSGANJ,VARANASI,73.8328530259366
POTATO,UTTAR PRADESH,CHANDOLI,LUCKNOW,73.25648414985591
POTATO,UTTAR PRADESH,BALRAMPUR,LUCKNOW,72.04610951008645
POTATO,UTTAR PRADESH,VARANASI(F&V),VARANASI,71.52737752161383
POTATO,UTTAR PRADESH,DEVARIYA,LUCKNOW,70.835734870317
POTATO,UTTAR PRADESH,KHAIRAGARH,AGRA,70.77809798270893
POTATO,UTTAR PRADESH,JAFARGANJ,KANPUR,70.37463976945246
POTATO,UTTAR PRADESH,SITAPUR,LUCKNOW,69.68299711815563
POTATO,UTTAR PRADESH,DIVAI,AGRA,69.27953890489914
POTATO,UTTAR PRADESH,BHARTHNA,KANPUR,68.64553314121038
POTATO,UTTAR PRADESH,BINDKI,KANPUR,68.53025936599424
POTATO,UTTAR PRADESH,JAYAS,LUCKNOW,68.53025936599424
POTATO,UTTAR PRADESH,CHOUBEPUR,VARANASI,68.29971181556196
POTATO,UTTAR PRADESH,SAHIYAPUR,LUCKNOW,68.12680115273776
POTATO,UTTAR PRADESH,MAHOBA,KANPUR,68.01152737752162
POTATO,UTTAR PRADESH,SIRSAGANJ,AGRA,67.95389048991355
POTATO,UTTAR PRADESH,ANWALA,AGRA,67.6657060518732
POTATO,UTTAR PRADESH,MAUDAHA,KANPUR,67.60806916426513
POTATO,UTTAR PRADESH,AWAGARH,AGRA,67.31988472622479
POTATO,UTTAR PRADESH,RURA,KANPUR,67.20461095100865
POTATO,UTTAR PRADESH,KAYAMGANJ,AGRA,66.34005763688761
POTATO,UTTAR PRADESH,BIJNAUR,LUCKNOW,66.10951008645533
POTATO,UTTAR PRADESH,SHIKOHABAD,AGRA,64.95677233429394
POTATO,UTTAR PRADESH,MATHURA,AGRA,64.55331412103746
POTATO,UTTAR PRADESH,RAATH,KANPUR,64.43804034582132
POTATO,UTTAR PRADESH,SAFDARGANJ,LUCKNOW,64.32276657060518
POTATO,UTTAR PRADESH,ACHNERA,AGRA,64.14985590778099
POTATO,UTTAR PRADESH,NAUGARH,VARANASI,63.861671469740635
POTATO,UTTAR PRADESH,AKBARPUR,KANPUR,63.68876080691642
POTATO,UTTAR PRADESH,SEHJANWA,VARANASI,62.99711815561959
POTATO,UTTAR PRADESH,CHORICHORA,VARANASI,61.72910662824207
POTATO,UTTAR PRADESH,GORAKHPUR,VARANASI,61.61383285302594
POTATO,UTTAR PRADESH,JASVANTNAGAR,AGRA,61.26801152737752
POTATO,UTTAR PRADESH,UJHANI,AGRA,59.94236311239193
POTATO,UTTAR PRADESH,BANGARMAU,KANPUR,59.654178674351584
POTATO,UTTAR PRADESH,JAGNAIR,AGRA,59.36599423631124
POTATO,UTTAR PRADESH,VISWAN,LUCKNOW,59.2507204610951
POTATO,UTTAR PRADESH,GANJDUDWARA,AGRA,59.19308357348703
POTATO,UTTAR PRADESH,FATEHPUR SIKRI,AGRA,59.02017291066283
POTATO,UTTAR PRADESH,KOPAGANJ,VARANASI,58.501440922190206
POTATO,UTTAR PRADESH,HARGAON (LAHARPUR),LUCKNOW,58.09798270893371
POTATO,UTTAR PRADESH,GHIRAUR,AGRA,57.52161383285303
POTATO,UTTAR PRADESH,DIBIAPUR,KANPUR,57.46397694524495
POTATO,UTTAR PRADESH,BABERU,KANPUR,56.887608069164266
POTATO,UTTAR PRADESH,SALON,LUCKNOW,56.65706051873198
POTATO,UTTAR PRADESH,GOLAGOKARNATH,LUCKNOW,56.42651296829971
POTATO,UTTAR PRADESH,SAMSABAD,KANPUR,56.080691642651296
POTATO,UTTAR PRADESH,SOHARATGARH,VARANASI,55.56195965417867
POTATO,UTTAR PRADESH,FATEHABAD,AGRA,55.5043227665706
POTATO,UTTAR PRADESH,ATRAULI,LUCKNOW,55.44668587896253
POTATO,UTTAR PRADESH,CHARRA,AGRA,55.44668587896253
POTATO,UTTAR PRADESH,JARAR,AGRA,55.27377521613833
POTATO,UTTAR PRADESH,TUNDLA,AGRA,54.351585014409224
POTATO,UTTAR PRADESH,CHAANDPUR,VARANASI,54.00576368876081
POTATO,UTTAR PRADESH,ALIGANJ,LUCKNOW,53.8328530259366
POTATO,UTTAR PRADESH,CHITWADAGAON,VARANASI,53.77521613832853
POTATO,UTTAR PRADESH,LALGANJ,VARANASI,53.42939481268012
POTATO,UTTAR PRADESH,ANANDNAGAR,VARANASI,53.42939481268012
POTATO,UTTAR PRADESH,NAANPARA,LUCKNOW,52.853025936599416
POTATO,UTTAR PRADESH,GADAURA,KANPUR,52.10374639769453
POTATO,UTTAR PRADESH,JANGIPURA,VARANASI,51.930835734870314
POTATO,UTTAR PRADESH,SANDI,KANPUR,50.25936599423632
POTATO,UTTAR PRADESH,KHALILABAD,VARANASI,49.221902017291065
POTATO,UTTAR PRADESH,SHAHABAD(NEW MANDI),KANPUR,47.95389048991354
POTATO,UTTAR PRADESH,UTTARIPURA,KANPUR,47.665706051873194
POTATO,UTTAR PRADESH,MUSKARA,KANPUR,47.49279538904899
POTATO,UTTAR PRADESH,MUGRABAADSHAHPUR,VARANASI,45.18731988472622
POTATO,UTTAR PRADESH,SHAHASWAN,AGRA,45.01440922190202
POTATO,UTTAR PRADESH,YUSUFPUR,VARANASI,44.841498559077806
POTATO,UTTAR PRADESH,WANSI,VARANASI,44.55331412103746
POTATO,UTTAR PRADESH,MOHAMADABAD,VARANASI,43.170028818443804
POTATO,UTTAR PRADESH,VILTHARAROAD,VARANASI,41.4985590778098
POTATO,UTTAR PRADESH,RASDA,LUCKNOW,40.0
POTATO,UTTAR PRADESH,NAWABGANJ,LUCKNOW,39.654178674351584
POTATO,UTTAR PRADESH,MEHMOODABAD,LUCKNOW,39.596541786743515
POTATO,UTTAR PRADESH,JHIJHANK,KANPUR,38.61671469740634
POTATO,UTTAR PRADESH,TANDA,VARANASI,38.38616714697407
POTATO,UTTAR PRADESH,ACHALDA,KANPUR,38.27089337175792
POTATO,UTTAR PRADESH,SHADABAD,AGRA,37.867435158501436
POTATO,UTTAR PRADESH,JAHANABAD,KANPUR,37.52161383285302
POTATO,UTTAR PRADESH,BEWAR,KANPUR,36.945244956772335
POTATO,UTTAR PRADESH,PURWA,LUCKNOW,35.73487031700288
POTATO,UTTAR PRADESH,SAIDPUR,VARANASI,35.158501440922194
POTATO,UTTAR PRADESH,NAUTNAVA,VARANASI,35.10086455331412
POTATO,UTTAR PRADESH,RUDAULI,LUCKNOW,33.02593659942363
POTATO,UTTAR PRADESH,GOPIGANJ,VARANASI,32.622478386167145
POTATO,UTTAR PRADESH,VARIPAAL,KANPUR,31.873198847262245
POTATO,UTTAR PRADESH,SIKANDRARAAU,AGRA,31.469740634005767
POTATO,UTTAR PRADESH,BHEHJOI,VARANASI,27.319884726224785
POTATO,UTTAR PRADESH,SANDILA,LUCKNOW,26.051873198847264
POTATO,UTTAR PRADESH,KAMLAGANJ,KANPUR,25.763688760806918
POTATO,UTTAR PRADESH,AHIRORA,KANPUR,23.919308357348704
POTATO,UTTAR PRADESH,DUDHI,VARANASI,23.631123919308358
POTATO,UTTAR PRADESH,KHAGA,KANPUR,22.19020172910663
POTATO,UTTAR PRADESH,VILASPUR,AGRA,22.19020172910663
POTATO,UTTAR PRADESH,TIKONIA,LUCKNOW,18.386167146974064
POTATO,UTTAR PRADESH,TULSIPUR,LUCKNOW,15.85014409221902
POTATO,UTTAR PRADESH,MAIGALGANJ,LUCKNOW,15.792507204610951
POTATO,UTTAR PRADESH,MISRIKH,LUCKNOW,15.504322766570604
POTATO,UTTAR PRADESH,RISIA,LUCKNOW,14.524495677233428
POTATO,UTTAR PRADESH,MOHAMMDI,LUCKNOW,14.46685878962536
POTATO,UTTAR PRADESH,UTRAULA,LUCKNOW,12.910662824207492
POTATO,UTTAR PRADESH,TANDA(RAMPUR),VARANASI,8.24207492795389
POTATO,UTTAR PRADESH,PANCHPEDWA,LUCKNOW,3.976945244956772
POTATO,UTTAR PRADESH,MIHIPURWA,LUCKNOW,1.8443804034582134
POTATO,UTTAR PRADESH,PAYAGPUR,LUCKNOW,1.729106628242075
POTATO,UTTAR PRADESH,KURARA,KANPUR,1.3256484149855907
POTATO,UTTAR PRADESH,VARANASI(GRAIN),VARANASI,1.2103746397694526
POTATO,UTTAR PRADESH,BABRALA,AGRA,0.7492795389048991
POTATO,UTTAR PRADESH,DOHARIGHAT,VARANASI,0.69164265129683
POTATO,UTTAR PRADESH,KISHUNPUR,VARANASI,0.2881844380403458
POTATO,UTTAR PRADESH,BACHRANWA,LUCKNOW,0.23054755043227668
POTATO,UTTAR PRADESH,MAHOLI,LUCKNOW,0.05763688760806917
POTATO,WEST BENGAL,BISHNUPUR(BANKURA),KOLKATA,97.9250720461095
POTATO,WEST BENGAL,ULUBERIA,KOLKATA,93.65994236311239
POTATO,WEST BENGAL,RAMKRISHANPUR(HOWRAH),SILIGURI,92.79538904899135
POTATO,WEST BENGAL,DURGAPUR,KOLKATA,91.0086455331412
POTATO,WEST BENGAL,ISLAMPUR,SILIGURI,90.89337175792507
POTATO,WEST BENGAL,SHEORAPHULY,KOLKATA,88.87608069164266
POTATO,WEST BENGAL,KATWA,KOLKATA,87.55043227665706
POTATO,WEST BENGAL,HABRA,KOLKATA,85.76368876080691
POTATO,WEST BENGAL,BARUIPUR(CANNING),KOLKATA,83.11239193083574
POTATO,WEST BENGAL,CHAKDAH,KOLKATA,81.78674351585015
POTATO,WEST BENGAL,RANAGHAT,KOLKATA,81.61383285302594
POTATO,WEST BENGAL,BURDWAN,KOLKATA,80.69164265129683
POTATO,WEST BENGAL,BOLPUR,KOLKATA,79.82708933717579
POTATO,WEST BENGAL,BARASAT,KOLKATA,79.48126801152738
POTATO,WEST BENGAL,NADIA,KOLKATA,79.07780979827089
POTATO,WEST BENGAL,BARA BAZAR (POSTA BAZAR),KOLKATA,73.31412103746398
POTATO,WEST BENGAL,DIAMOND HARBOUR(SOUTH 24-PGS),KOLKATA,71.12391930835736
POTATO,WEST BENGAL,KALNA,KOLKATA,70.66282420749279
POTATO,WEST BENGAL,GHATAL,KOLKATA,70.60518731988472
POTATO,WEST BENGAL,KASIPUR,KOLKATA,69.39481268011527
POTATO,WEST BENGAL,KOLAGHAT,KOLKATA,68.2420749279539
POTATO,WEST BENGAL,TAMLUK (MEDINIPUR E),KOLKATA,67.60806916426513
POTATO,WEST BENGAL,SILIGURI,SILIGURI,67.492795389049
POTATO,WEST BENGAL,KARIMPUR,KOLKATA,67.43515850144092
POTATO,WEST BENGAL,KALYANI,KOLKATA,63.40057636887608
POTATO,WEST BENGAL,MEDINIPUR(WEST),KOLKATA,60.46109510086455
POTATO,WEST BENGAL,KARSIYANG(MATIGARA),SILIGURI,59.71181556195966
POTATO,WEST BENGAL,ALIPURDUAR,SILIGURI,57.002881844380404
POTATO,WEST BENGAL,FALAKATA,SILIGURI,54.52449567723343
POTATO,WEST BENGAL,DARJEELING,SILIGURI,53.602305475504316
POTATO,WEST BENGAL,JALPAIGURI SADAR,SILIGURI,51.123919308357344
POTATO,WEST BENGAL,BANKURA SADAR,KOLKATA,51.123919308357344
POTATO,WEST BENGAL,KALIMPONG,SILIGURI,33.77521613832853
POTATO,WEST BENGAL,BELACOBA,SILIGURI,23.97694524495677
SUGAR,MAHARASHTRA,MUMBAI,MUMBAI,69.56772334293947
SUGAR,UTTAR PRADESH,LAKHIMPUR,LUCKNOW,65.53314121037464
SUGAR,UTTAR PRADESH,ALIGARH,AGRA,30.25936599423631
SUGAR,UTTAR PRADESH,BIJNAUR,LUCKNOW,1.5561959654178674
SUGAR,UTTAR PRADESH,MATHURA,AGRA,0.345821325648415
SUGAR,UTTAR PRADESH,SITAPUR,LUCKNOW,0.1729106628242075
TOMATO,KARNATAKA,KOLAR,BENGALURU,95.56195965417868
TOMATO,KARNATAKA,SRINIVASAPUR,BENGALURU,94.98559077809799
TOMATO,KARNATAKA,MULABAGILU,BENGALURU,94.81268011527378
TOMATO,KARNATAKA,CHINTAMANI,BENGALURU,92.44956772334294
TOMATO,KARNATAKA,RAMANAGARA,BENGALURU,81.4985590778098
TOMATO,KARNATAKA,CHANNAPATANA,BENGALURU,80.11527377521614
TOMATO,KARNATAKA,CHICKKABALLAPURA,BENGALURU,79.02017291066282
TOMATO,KARNATAKA,MYSORE (BANDIPALYA),MYSORE,76.0806916426513
TOMATO,KARNATAKA,DODDABALLA PUR,BENGALURU,72.68011527377521
TOMATO,KARNATAKA,CHIKKAMAGALORE,MANGALORE,71.00864553314122
TOMATO,KARNATAKA,BANGARPET,BENGALURU,62.19020172910663
TOMATO,KARNATAKA,DAVANGERE,DHARWAD,59.19308357348703
TOMATO,KARNATAKA,BAGEPALLI,BENGALURU,53.8328530259366
TOMATO,KARNATAKA,GUNDLUPET,MYSORE,41.03746397694524
TOMATO,KARNATAKA,BELUR,MANGALORE,29.106628242074926
TOMATO,KARNATAKA,MALUR,BENGALURU,27.60806916426513
TOMATO,KARNATAKA,HOSPET,DHARWAD,26.685878962536023
TOMATO,KARNATAKA,SHIMOGA,MANGALORE,25.878962536023053
TOMATO,KARNATAKA,HASSAN,MYSORE,25.072046109510087
TOMATO,KARNATAKA,HONNALI,DHARWAD,24.034582132564843
TOMATO,KARNATAKA,K.R.NAGAR,MYSORE,23.112391930835734
TOMATO,KARNATAKA,KANAKAPURA,BENGALURU,17.002881844380404
TOMATO,KARNATAKA,GOWRIBIDANOOR,BENGALURU,16.02305475504323
TOMATO,KARNATAKA,UDUPI,MANGALORE,13.602305475504323
TOMATO,KARNATAKA,NAGAMANGALA,MYSORE,11.988472622478385
TOMATO,KARNATAKA,KADUR,MANGALORE,10.893371757925072
TOMATO,KARNATAKA,K.R. PET,MANGALORE,9.221902017291066
TOMATO,KARNATAKA,NANJANGUD,MYSORE,8.99135446685879
TOMATO,KARNATAKA,CHANNARAYAPATNA,MYSORE,8.29971181556196
TOMATO,KARNATAKA,T. NARASIPURA,MANGALORE,7.665706051873198
TOMATO,KARNATAKA,CHAMARAJ NAGAR,MYSORE,6.85878962536023
TOMATO,KARNATAKA,DHARWAR,DHARWAD,5.936599423631124
TOMATO,KARNATAKA,MANGALORE,MANGALORE,4.899135446685879
TOMATO,KARNATAKA,BELLARY,DHARWAD,4.553314121037464
TOMATO,KARNATAKA,TUMKUR,BENGALURU,3.919308357348703
TOMATO,KARNATAKA,HUBLI (AMARAGOL),DHARWAD,3.5734870317002883
TOMATO,KARNATAKA,RANEBENNUR,DHARWAD,3.342939481268011
TOMATO,KARNATAKA,GADAG,DHARWAD,3.2853025936599423
TOMATO,KARNATAKA,HAVERI,DHARWAD,2.9971181556195963
TOMATO,KARNATAKA,ARASIKERE,MYSORE,2.478386167146974
TOMATO,KARNATAKA,MADDUR,MYSORE,0.9798270893371758
TOMATO,KARNATAKA,BELGAUM,DHARWAD,0.8645533141210375
TOMATO,KARNATAKA,HOLALKERE,MANGALORE,0.6340057636887608
TOMATO,KARNATAKA,HUNSUR,MYSORE,0.6340057636887608
TOMATO,KARNATAKA,HOSKOTE,BENGALURU,0.5763688760806917
TOMATO,KARNATAKA,SOMVARPET,MYSORE,0.1729106628242075
TOMATO,KARNATAKA,KOPPA,MANGALORE,0.11527377521613834
TOMATO,KARNATAKA,TARIKERE,MANGALORE,0.11527377521613834
TOMATO,KARNATAKA,HOLENARSIPURA,MYSORE,0.11527377521613834
TOMATO,KARNATAKA,KOLLEGAL,MYSORE,0.05763688760806917
TOMATO,KARNATAKA,THIRTHAHALLI,MANGALORE,0.05763688760806917
TOMATO,KARNATAKA,SAKALESHPURA,MANGALORE,0.05763688760806917
TOMATO,MAHARASHTRA,VAI,NAGPUR,85.82132564841498
TOMATO,MAHARASHTRA,KAMTHI,NAGPUR,77.52161383285303
TOMATO,MAHARASHTRA,SATARA,MUMBAI,75.1585014409222
TOMATO,MAHARASHTRA,MUMBAI,MUMBAI,75.04322766570604
TOMATO,MAHARASHTRA,PUNE,MUMBAI,73.94812680115274
TOMATO,MAHARASHTRA,SHRIRAMPUR,MUMBAI,69.79827089337176
TOMATO,MAHARASHTRA,KHED(CHAKAN),MUMBAI,68.2420749279539
TOMATO,MAHARASHTRA,CHANDRAPUR(GANJWAD),NAGPUR,66.45533141210375
TOMATO,MAHARASHTRA,PUNE(PIMPRI),MUMBAI,66.34005763688761
TOMATO,MAHARASHTRA,KALMESHWAR,NAGPUR,65.70605187319885
TOMATO,MAHARASHTRA,PUNE(HADAPSAR),MUMBAI,65.5907780979827
TOMATO,MAHARASHTRA,AMRAWATI(FRUI & VEG. MARKET),NAGPUR,64.6685878962536
TOMATO,MAHARASHTRA,SANGAMNER,MUMBAI,64.03458213256485
TOMATO,MAHARASHTRA,RAMTEK,NAGPUR,62.881844380403464
TOMATO,MAHARASHTRA,NAGPUR,NAGPUR,60.51873198847262
TOMATO,MAHARASHTRA,PALTHAN,MUMBAI,55.21613832853026
TOMATO,MAHARASHTRA,NASIK,MUMBAI,50.720461095100866
TOMATO,MAHARASHTRA,RAHURI,MUMBAI,45.07204610951009
TOMATO,MAHARASHTRA,GHOTI,MUMBAI,38.328530259366
TOMATO,MAHARASHTRA,RAHATA,MUMBAI,35.27377521613833
TOMATO,MAHARASHTRA,PUNE(KHADIKI),MUMBAI,32.680115273775215
TOMATO,MAHARASHTRA,AHMEDNAGAR,MUMBAI,29.337175792507203
TOMATO,MAHARASHTRA,LASALGAON,MUMBAI,16.311239193083573
TOMATO,MAHARASHTRA,AMARAWATI,NAGPUR,9.62536023054755
TOMATO,MAHARASHTRA,SINNER,MUMBAI,6.801152737752162
TOMATO,MAHARASHTRA,AKOLE,MUMBAI,6.1671469740634
TOMATO,MAHARASHTRA,VASAI,MUMBAI,0.7492795389048991
TOMATO,MAHARASHTRA,MAANACHAR,MUMBAI,0.5187319884726225
TOMATO,MAHARASHTRA,RAHURI(SONGAON),MUMBAI,0.4034582132564841
TOMATO,MAHARASHTRA,CHANDRAPUR,NAGPUR,0.2881844380403458
TOMATO,MAHARASHTRA,VAIJPUR,MUMBAI,0.11527377521613834
TOMATO,MAHARASHTRA,KALYAN,MUMBAI,0.05763688760806917
TOMATO,MAHARASHTRA,SHRIGONDA,MUMBAI,0.05763688760806917
TOMATO,MAHARASHTRA,PARSHIWANI,NAGPUR,0.05763688760806917
TOMATO,NCT OF DELHI,SHAHDARA,DELHI,83.51585014409221
TOMATO,NCT OF DELHI,AZADPUR,DELHI,82.30547550432277
TOMATO,NCT OF DELHI,KESHOPUR,DELHI,60.40345821325649
TOMATO,UTTAR PRADESH,FAIZABAD,LUCKNOW,91.52737752161383
TOMATO,UTTAR PRADESH,LUCKNOW,LUCKNOW,84.89913544668588
TOMATO,UTTAR PRADESH,PRATAPGARH,VARANASI,83.22766570605188
TOMATO,UTTAR PRADESH,GONDA,LUCKNOW,83.05475504322767
TOMATO,UTTAR PRADESH,PUKHRAYAN,KANPUR,80.86455331412104
TOMATO,UTTAR PRADESH,BARABANKI,LUCKNOW,80.69164265129683
TOMATO,UTTAR PRADESH,AURAIYA,KANPUR,80.57636887608069
TOMATO,UTTAR PRADESH,KANPUR(GRAIN),KANPUR,80.23054755043228
TOMATO,UTTAR PRADESH,KANNAUJ,KANPUR,80.11527377521614
TOMATO,UTTAR PRADESH,JALAUN,KANPUR,79.88472622478386
TOMATO,UTTAR PRADESH,BAHRAICH,LUCKNOW,79.36599423631124
TOMATO,UTTAR PRADESH,LAKHIMPUR,LUCKNOW,79.19308357348703
TOMATO,UTTAR PRADESH,FIROZABAD,AGRA,78.73198847262248
TOMATO,UTTAR PRADESH,MADHOGANJ,KANPUR,78.32853025936599
TOMATO,UTTAR PRADESH,FATEHPUR,KANPUR,77.86743515850144
TOMATO,UTTAR PRADESH,MAINPURI,AGRA,76.94524495677233
TOMATO,UTTAR PRADESH,UNNAO,KANPUR,76.71469740634006
TOMATO,UTTAR PRADESH,AGRA,AGRA,76.54178674351584
TOMATO,UTTAR PRADESH,ALIGARH,AGRA,76.54178674351584
TOMATO,UTTAR PRADESH,AZAMGARH,VARANASI,76.4265129682997
TOMATO,UTTAR PRADESH,JAUNPUR,VARANASI,75.9077809798271
TOMATO,UTTAR PRADESH,ETAH,AGRA,75.10086455331411
TOMATO,UTTAR PRADESH,SHAHGANJ,VARANASI,75.04322766570604
TOMATO,UTTAR PRADESH,CHHIBRAMAU(KANNUJ),KANPUR,74.5821325648415
TOMATO,UTTAR PRADESH,HAATHRAS,AGRA,74.52449567723343
TOMATO,UTTAR PRADESH,HARDOI,KANPUR,74.23631123919309
TOMATO,UTTAR PRADESH,ORAI,KANPUR,73.8328530259366
TOMATO,UTTAR PRADESH,KHAIR,AGRA,73.54466858789625
TOMATO,UTTAR PRADESH,KASGANJ,AGRA,72.04610951008645
TOMATO,UTTAR PRADESH,GORAKHPUR,VARANASI,70.835734870317
TOMATO,UTTAR PRADESH,SITAPUR,LUCKNOW,69.68299711815563
TOMATO,UTTAR PRADESH,BHARTHNA,KANPUR,68.35734870317003
TOMATO,UTTAR PRADESH,GAZIPUR,AGRA,68.06916426512967
TOMATO,UTTAR PRADESH,DIVAI,AGRA,67.83861671469741
TOMATO,UTTAR PRADESH,BANDA,KANPUR,67.60806916426513
TOMATO,UTTAR PRADESH,MIRZAPUR,VARANASI,67.37752161383285
TOMATO,UTTAR PRADESH,CHOUBEPUR,VARANASI,67.26224783861672
TOMATO,UTTAR PRADESH,BINDKI,KANPUR,67.26224783861672
TOMATO,UTTAR PRADESH,SAHIYAPUR,LUCKNOW,66.85878962536023
TOMATO,UTTAR PRADESH,SIRSAGANJ,AGRA,66.85878962536023
TOMATO,UTTAR PRADESH,VARANASI(F&V),VARANASI,65.76368876080691
TOMATO,UTTAR PRADESH,KAYAMGANJ,AGRA,65.76368876080691
TOMATO,UTTAR PRADESH,DEVARIYA,LUCKNOW,65.24495677233429
TOMATO,UTTAR PRADESH,KHAIRAGARH,AGRA,65.12968299711815
TOMATO,UTTAR PRADESH,SAFDARGANJ,LUCKNOW,64.38040345821325
TOMATO,UTTAR PRADESH,PARTAVAL,VARANASI,64.26512968299711
TOMATO,UTTAR PRADESH,SHIKOHABAD,AGRA,63.861671469740635
TOMATO,UTTAR PRADESH,ANWALA,AGRA,63.804034582132566
TOMATO,UTTAR PRADESH,AKBARPUR,KANPUR,63.28530259365994
TOMATO,UTTAR PRADESH,BIJNAUR,LUCKNOW,63.170028818443804
TOMATO,UTTAR PRADESH,MATHURA,AGRA,62.132564841498564
TOMATO,UTTAR PRADESH,RAATH,KANPUR,62.01729106628242
TOMATO,UTTAR PRADESH,CHANDOLI,LUCKNOW,58.90489913544668
TOMATO,UTTAR PRADESH,BANGARMAU,KANPUR,58.501440922190206
TOMATO,UTTAR PRADESH,BASTI,VARANASI,57.86743515850144
TOMATO,UTTAR PRADESH,RURA,KANPUR,55.44668587896253
TOMATO,UTTAR PRADESH,KOPAGANJ,VARANASI,54.98559077809798
TOMATO,UTTAR PRADESH,AWAGARH,AGRA,54.98559077809798
TOMATO,UTTAR PRADESH,ACHNERA,AGRA,54.87031700288184
TOMATO,UTTAR PRADESH,GHIRAUR,AGRA,54.29394812680115
TOMATO,UTTAR PRADESH,CHARRA,AGRA,54.06340057636888
TOMATO,UTTAR PRADESH,TUNDLA,AGRA,53.8328530259366
TOMATO,UTTAR PRADESH,SAMSABAD,KANPUR,53.25648414985591
TOMATO,UTTAR PRADESH,FARUKHABAD,KANPUR,52.44956772334294
TOMATO,UTTAR PRADESH,FATEHABAD,AGRA,52.3342939481268
TOMATO,UTTAR PRADESH,NAANPARA,LUCKNOW,50.720461095100866
TOMATO,UTTAR PRADESH,MAHOBA,KANPUR,50.14409221902017
TOMATO,UTTAR PRADESH,JARAR,AGRA,49.221902017291065
TOMATO,UTTAR PRADESH,UJHANI,AGRA,48.414985590778095
TOMATO,UTTAR PRADESH,DIBIAPUR,KANPUR,48.069164265129686
TOMATO,UTTAR PRADESH,SHAHABAD(NEW MANDI),KANPUR,47.89625360230548
TOMATO,UTTAR PRADESH,JAYAS,LUCKNOW,47.03170028818444
TOMATO,UTTAR PRADESH,GOLAGOKARNATH,LUCKNOW,46.05187319884726
TOMATO,UTTAR PRADESH,GADAURA,KANPUR,44.95677233429395
TOMATO,UTTAR PRADESH,FATEHPUR SIKRI,AGRA,44.78386167146974
TOMATO,UTTAR PRADESH,KHALILABAD,VARANASI,44.726224783861674
TOMATO,UTTAR PRADESH,CHAANDPUR,VARANASI,43.976945244956774
TOMATO,UTTAR PRADESH,ROBERTSGANJ,VARANASI,43.919308357348704
TOMATO,UTTAR PRADESH,MUGRABAADSHAHPUR,VARANASI,43.63112391930836
TOMATO,UTTAR PRADESH,CHORICHORA,VARANASI,43.51585014409222
TOMATO,UTTAR PRADESH,JASVANTNAGAR,AGRA,43.28530259365994
TOMATO,UTTAR PRADESH,DUDHI,VARANASI,42.88184438040346
TOMATO,UTTAR PRADESH,GANJDUDWARA,AGRA,40.92219020172911
TOMATO,UTTAR PRADESH,JAFARGANJ,KANPUR,40.691642651296824
TOMATO,UTTAR PRADESH,BABERU,KANPUR,40.17291066282421
TOMATO,UTTAR PRADESH,RUDAULI,LUCKNOW,40.11527377521614
TOMATO,UTTAR PRADESH,NAUGARH,VARANASI,39.42363112391931
TOMATO,UTTAR PRADESH,SEHJANWA,VARANASI,38.443804034582136
TOMATO,UTTAR PRADESH,SHADABAD,AGRA,37.40634005763689
TOMATO,UTTAR PRADESH,JANGIPURA,VARANASI,36.887608069164266
TOMATO,UTTAR PRADESH,MAUDAHA,KANPUR,36.54178674351585
TOMATO,UTTAR PRADESH,MUSKARA,KANPUR,36.023054755043226
TOMATO,UTTAR PRADESH,NAWABGANJ,LUCKNOW,35.56195965417868
TOMATO,UTTAR PRADESH,MEHMOODABAD,LUCKNOW,34.81268011527378
TOMATO,UTTAR PRADESH,NAUTNAVA,VARANASI,34.69740634005763
TOMATO,UTTAR PRADESH,ANANDNAGAR,VARANASI,34.35158501440922
TOMATO,UTTAR PRADESH,ACHALDA,KANPUR,33.19884726224784
TOMATO,UTTAR PRADESH,TANDA(RAMPUR),VARANASI,32.622478386167145
TOMATO,UTTAR PRADESH,JHIJHANK,KANPUR,32.3342939481268
TOMATO,UTTAR PRADESH,JAHANABAD,KANPUR,31.930835734870318
TOMATO,UTTAR PRADESH,TANDA,VARANASI,31.815561959654175
TOMATO,UTTAR PRADESH,SAIDPUR,VARANASI,31.00864553314121
TOMATO,UTTAR PRADESH,ATRAULI,LUCKNOW,30.605187319884724
TOMATO,UTTAR PRADESH,ALIGANJ,LUCKNOW,28.876080691642652
TOMATO,UTTAR PRADESH,SOHARATGARH,VARANASI,27.60806916426513
TOMATO,UTTAR PRADESH,BALRAMPUR,LUCKNOW,26.685878962536023
TOMATO,UTTAR PRADESH,BHARUASUMERPUR,KANPUR,25.417867435158502
TOMATO,UTTAR PRADESH,BEWAR,KANPUR,24.72622478386167
TOMATO,UTTAR PRADESH,AHIRORA,KANPUR,22.478386167146976
TOMATO,UTTAR PRADESH,UTTARIPURA,KANPUR,21.44092219020173
TOMATO,UTTAR PRADESH,VARIPAAL,KANPUR,18.847262247838618
TOMATO,UTTAR PRADESH,JAGNAIR,AGRA,18.097982708933717
TOMATO,UTTAR PRADESH,PURWA,LUCKNOW,16.42651296829971
TOMATO,UTTAR PRADESH,SANDILA,LUCKNOW,15.677233429394812
TOMATO,UTTAR PRADESH,LALGANJ,VARANASI,15.561959654178676
TOMATO,UTTAR PRADESH,TULSIPUR,LUCKNOW,14.755043227665707
TOMATO,UTTAR PRADESH,MAIGALGANJ,LUCKNOW,14.46685878962536
TOMATO,UTTAR PRADESH,RISIA,LUCKNOW,13.487031700288185
TOMATO,UTTAR PRADESH,VILASPUR,AGRA,13.0835734870317
TOMATO,UTTAR PRADESH,UTRAULA,LUCKNOW,12.44956772334294
TOMATO,UTTAR PRADESH,MIHIPURWA,LUCKNOW,11.412103746397694
TOMATO,UTTAR PRADESH,RASDA,LUCKNOW,10.317002881844381
TOMATO,UTTAR PRADESH,YUSUFPUR,VARANASI,9.68299711815562
TOMATO,UTTAR PRADESH,MISRIKH,LUCKNOW,8.357348703170029
TOMATO,UTTAR PRADESH,KAMLAGANJ,KANPUR,7.838616714697406
TOMATO,UTTAR PRADESH,CHITWADAGAON,VARANASI,6.743515850144092
TOMATO,UTTAR PRADESH,MOHAMMDI,LUCKNOW,5.706051873198847
TOMATO,UTTAR PRADESH,SHAHASWAN,AGRA,5.417867435158501
TOMATO,UTTAR PRADESH,GOPIGANJ,VARANASI,5.244956772334294
TOMATO,UTTAR PRADESH,PANCHPEDWA,LUCKNOW,3.400576368876081
TOMATO,UTTAR PRADESH,TIKONIA,LUCKNOW,2.190201729106628
TOMATO,UTTAR PRADESH,KHAGA,KANPUR,1.7867435158501441
TOMATO,UTTAR PRADESH,PAYAGPUR,LUCKNOW,1.4985590778097981
TOMATO,UTTAR PRADESH,SANDI,KANPUR,0.9798270893371758
TOMATO,UTTAR PRADESH,SIKANDRARAAU,AGRA,0.8645533141210375
TOMATO,UTTAR PRADESH,BACHRANWA,LUCKNOW,0.05763688760806917
TOMATO,UTTAR PRADESH,KURARA,KANPUR,0.05763688760806917
